time_s,apriltag_id,left_u,left_v,right_u,right_v,x,y,z,rot_x,rot_y,rot_z,w,cam_x,cam_y,cam_z,cam_rot_x,cam_rot_y,cam_rot_z,cam_w,valid_frame,gt_left_u,gt_left_v,gt_right_u,gt_right_v
0.11378743,5,1554.72366689,108.08434056,1484.85013511,108.16157627,0.56918111,0.57412095,1.56230203,0.01748456,0.27809916,-0.08912184,0.95624915,0.52374855,0.42625052,1.54902635,0.66354401,0.57869029,0.29354868,-0.37236551,0.00000000,1511.21163200,330.45199969,1446.25109011,330.45199969
0.11378743,13,339.21008243,406.01957650,291.89854215,405.78885432,0.56918111,0.57412095,1.56230203,0.01748456,0.27809916,-0.08912184,0.95624915,0.52374855,0.42625052,1.54902635,0.66354401,0.57869029,0.29354868,-0.37236551,0.00000000,319.47094306,579.46915506,273.05717161,579.46915506
0.11378743,14,421.12279348,228.81090506,364.37073500,228.67069834,0.56918111,0.57412095,1.56230203,0.01748456,0.27809916,-0.08912184,0.95624915,0.52374855,0.42625052,1.54902635,0.66354401,0.57869029,0.29354868,-0.37236551,0.00000000,423.95840166,410.89197994,369.47600351,410.89197994
0.11378743,31,1148.04348313,617.06232776,1099.11600230,616.85836149,0.56918111,0.57412095,1.56230203,0.01748456,0.27809916,-0.08912184,0.95624915,0.52374855,0.42625052,1.54902635,0.66354401,0.57869029,0.29354868,-0.37236551,0.00000000,1130.20234556,812.06227772,1080.78030510,812.06227772
0.24378755,5,1552.92507955,109.12066234,1482.80076908,109.36912948,0.56993975,0.57505456,1.56158867,0.01738160,0.27848150,-0.08831539,0.95621458,0.52473500,0.42711558,1.54829908,0.66324728,0.57931392,0.29369488,-0.37180875,0.00000000,1508.98940140,331.77924625,1444.05340511,331.77924625
0.24378755,13,336.40333646,405.17567794,289.05059786,404.90615886,0.56993975,0.57505456,1.56158867,0.01738160,0.27848150,-0.08831539,0.95621458,0.52473500,0.42711558,1.54829908,0.66324728,0.57931392,0.29369488,-0.37180875,0.00000000,316.65871862,579.88539527,270.18610747,579.88539527
0.24378755,14,418.78799746,227.72437827,361.98957427,227.62746578,0.56993975,0.57505456,1.56158867,0.01738160,0.27848150,-0.08831539,0.95621458,0.52473500,0.42711558,1.54829908,0.66324728,0.57931392,0.29369488,-0.37180875,0.00000000,421.42949329,411.20186960,366.88828237,411.20186960
0.24378755,31,1145.79672337,617.49689111,1096.98480864,617.34192491,0.56993975,0.57505456,1.56158867,0.01738160,0.27848150,-0.08831539,0.95621458,0.52473500,0.42711558,1.54829908,0.66324728,0.57931392,0.29369488,-0.37180875,0.00000000,1128.04140492,813.11221143,1078.60283527,813.11221143
0.31378743,5,1552.36296411,109.83655876,1482.45960464,110.05038239,0.57070203,0.57511330,1.56044038,0.01752575,0.27929227,-0.08834145,0.95597305,0.52545384,0.42718633,1.54716483,0.66360950,0.57951384,0.29323679,-0.37121198,0.00000000,1508.96989138,333.77053096,1444.01587609,333.77053096
0.31378743,13,336.18024238,405.37923826,288.72559663,405.03979488,0.57070203,0.57511330,1.56044038,0.01752575,0.27929227,-0.08834145,0.95597305,0.52545384,0.42718633,1.54716483,0.66360950,0.57951384,0.29323679,-0.37121198,0.00000000,316.23341231,582.06803128,269.73659469,582.06803128
0.31378743,14,418.59122821,227.84165288,361.63960453,227.69738674,0.57070203,0.57511330,1.56044038,0.01752575,0.27929227,-0.08834145,0.95597305,0.52545384,0.42718633,1.54716483,0.66360950,0.57951384,0.29323679,-0.37121198,0.00000000,421.11585522,413.34013555,366.55683718,413.34013555
0.31378743,20,1769.40413398,442.53939327,1723.06399043,442.62951178,0.57070203,0.57511330,1.56044038,0.01752575,0.27929227,-0.08834145,0.95597305,0.52545384,0.42718633,1.54716483,0.66360950,0.57951384,0.29323679,-0.37121198,0.00000000,1746.15009975,654.05009312,1701.38307907,654.05009312
0.31378743,31,1145.29029620,618.17458497,1096.44542690,618.01088012,0.57070203,0.57511330,1.56044038,0.01752575,0.27929227,-0.08834145,0.95597305,0.52545384,0.42718633,1.54716483,0.66360950,0.57951384,0.29323679,-0.37121198,0.00000000,1128.14459572,815.40426636,1078.66132416,815.40426636
0.37378743,5,1550.87848534,111.24541063,1481.05395244,111.43766624,0.57124184,0.57502102,1.55947775,0.01783358,0.27983324,-0.08807003,0.95583418,0.52603020,0.42708980,1.54612524,0.66382009,0.57969824,0.29319594,-0.37057925,0.00000000,1508.10999152,335.11974193,1443.15894138,335.11974193
0.37378743,13,335.48747809,406.85499508,288.20484837,406.72520621,0.57124184,0.57502102,1.55947775,0.01783358,0.27983324,-0.08807003,0.95583418,0.52603020,0.42708980,1.54612524,0.66382009,0.57969824,0.29319594,-0.37057925,0.00000000,314.97080114,583.77193307,268.43513533,583.77193307
0.37378743,14,417.46388950,229.20315692,360.71153984,229.10576321,0.57124184,0.57502102,1.55947775,0.01783358,0.27983324,-0.08807003,0.95583418,0.52603020,0.42708980,1.54612524,0.66382009,0.57969824,0.29319594,-0.37057925,0.00000000,419.97478046,414.92548018,365.38009253,414.92548018
0.37378743,31,1145.63040367,619.84080009,1096.82577119,619.75792448,0.57124184,0.57502102,1.55947775,0.01783358,0.27983324,-0.08807003,0.95583418,0.52603020,0.42708980,1.54612524,0.66382009,0.57969824,0.29319594,-0.37057925,0.00000000,1127.59138415,816.96999166,1078.07906323,816.96999166
0.64378755,5,1550.95953486,118.49115801,1481.17549691,118.53496147,0.57331664,0.57329056,1.55572765,0.01927285,0.28190023,-0.08897042,0.95511522,0.52766798,0.42551202,1.54217295,0.66565970,0.57921887,0.29210964,-0.36888293,0.00000000,1510.01551312,339.31497582,1444.96387154,339.31497582
0.64378755,13,334.67122405,414.34952534,287.29641356,414.32629019,0.57331664,0.57329056,1.55572765,0.01927285,0.28190023,-0.08897042,0.95511522,0.52766798,0.42551202,1.54217295,0.66565970,0.57921887,0.29210964,-0.36888293,0.00000000,315.89186099,591.50814004,269.30644659,591.50814004
0.64378755,14,417.27146242,237.01592613,360.41725779,236.87735965,0.57331664,0.57329056,1.55572765,0.01927285,0.28190023,-0.08897042,0.95511522,0.52766798,0.42551202,1.54217295,0.66565970,0.57921887,0.29210964,-0.36888293,0.00000000,420.78971043,422.36988464,366.15832684,422.36988464
0.64378755,31,1145.74579360,626.68752098,1096.76274125,626.57098268,0.57331664,0.57329056,1.55572765,0.01927285,0.28190023,-0.08897042,0.95511522,0.52766798,0.42551202,1.54217295,0.66565970,0.57921887,0.29210964,-0.36888293,0.00000000,1130.43726147,823.11146376,1080.78439097,823.11146376
0.71378743,5,1552.03564428,119.14454862,1482.29597964,119.27661279,0.57375090,0.57267523,1.55566067,0.01905617,0.28178010,-0.08926238,0.95512777,0.52804005,0.42490858,1.54218616,0.66564847,0.57912632,0.29191713,-0.36920077,0.00000000,1511.43778507,338.90197811,1446.34653684,338.90197811
0.71378743,13,336.55287478,415.44811209,289.25804733,415.46398477,0.57375090,0.57267523,1.55566067,0.01905617,0.28178010,-0.08926238,0.95512777,0.52804005,0.42490858,1.54218616,0.66564847,0.57912632,0.29191713,-0.36920077,0.00000000,316.99430301,590.97682780,270.42142598,590.97682780
0.71378743,14,418.64370624,238.32874804,361.95165922,238.26344140,0.57375090,0.57267523,1.55566067,0.01905617,0.28178010,-0.08926238,0.95512777,0.52804005,0.42490858,1.54218616,0.66564847,0.57912632,0.29191713,-0.36920077,0.00000000,421.86856413,421.87528697,367.24465974,421.87528697
0.71378743,31,1147.64678383,627.50485575,1098.70571560,627.32437432,0.57375090,0.57267523,1.55566067,0.01905617,0.28178010,-0.08926238,0.95512777,0.52804005,0.42490858,1.54218616,0.66564847,0.57912632,0.29191713,-0.36920077,0.00000000,1131.37529386,822.82507789,1081.71237124,822.82507789
0.78378730,5,1552.66582256,119.10779006,1482.76806610,119.27602709,0.57510121,0.57256193,1.55684935,0.01985524,0.28085034,-0.08924327,0.95538705,0.52935895,0.42483225,1.54307924,0.66571444,0.57841174,0.29292419,-0.36940433,0.00000000,1510.67405458,335.13833678,1445.56063197,335.13833678
0.78378730,13,336.53639682,415.99764423,289.27456938,415.95460217,0.57510121,0.57256193,1.55684935,0.01985524,0.28085034,-0.08924327,0.95538705,0.52935895,0.42483225,1.54307924,0.66571444,0.57841174,0.29292419,-0.36940433,0.00000000,316.20316326,589.50660448,269.61032601,589.50660448
0.78378730,14,418.63678643,238.94693009,361.73172102,238.82630887,0.57510121,0.57256193,1.55684935,0.01985524,0.28085034,-0.08924327,0.95538705,0.52935895,0.42483225,1.54307924,0.66571444,0.57841174,0.29292419,-0.36940433,0.00000000,420.69734556,420.03001557,366.03536085,420.03001557
0.78378730,31,1148.14467119,627.46496008,1099.26470845,627.26059132,0.57510121,0.57256193,1.55684935,0.01985524,0.28085034,-0.08924327,0.95538705,0.52935895,0.42483225,1.54307924,0.66571444,0.57841174,0.29292419,-0.36940433,0.00000000,1131.16091655,819.84488278,1081.51548168,819.84488278
0.84378756,5,1554.96503313,117.42147809,1484.86847648,117.45481846,0.57750890,0.57305108,1.55855953,0.02126681,0.27970134,-0.08993910,0.95562847,0.53148858,0.42544814,1.54436330,0.66633978,0.57692497,0.29398665,-0.36975766,0.00000000,1510.65497645,329.56136822,1445.46926141,329.56136822
0.84378756,13,337.48299014,414.90790084,290.04837493,414.85811984,0.57750890,0.57305108,1.55855953,0.02126681,0.27970134,-0.08993910,0.95562847,0.53148858,0.42544814,1.54436330,0.66633978,0.57692497,0.29398665,-0.36975766,0.00000000,316.55153252,588.41086530,269.96036389,588.41086530
0.84378756,14,419.98775371,237.95087603,363.05545608,237.73300668,0.57750890,0.57305108,1.55855953,0.02126681,0.27970134,-0.08993910,0.95562847,0.53148858,0.42544814,1.54436330,0.66633978,0.57692497,0.29398665,-0.36975766,0.00000000,420.19941797,418.40038604,365.51560305,418.40038604
0.84378756,31,1148.31942474,625.20810596,1099.24594060,624.95663667,0.57750890,0.57305108,1.55855953,0.02126681,0.27970134,-0.08993910,0.95562847,0.53148858,0.42544814,1.54436330,0.66633978,0.57692497,0.29398665,-0.36975766,0.00000000,1132.19297602,815.98741832,1082.55322503,815.98741832
1.11378743,5,1572.82163565,84.36419022,1501.60222826,84.41165344,0.60739328,0.58202943,1.56659194,0.02142842,0.27507976,-0.10216574,0.95573737,0.55801251,0.43545194,1.55307848,0.67050370,0.56853031,0.29026643,-0.37807866,0.00000000,1539.14167883,298.83116537,1472.49097331,298.83116537
1.11378743,13,351.71227050,403.37671166,304.83897352,403.39769999,0.60739328,0.58202943,1.56659194,0.02142842,0.27507976,-0.10216574,0.95573737,0.55801251,0.43545194,1.55307848,0.67050370,0.56853031,0.29026643,-0.37807866,0.00000000,341.37158842,575.58464465,295.15177579,575.58464465
1.11378743,14,428.48891496,224.25476164,371.80184411,224.05532972,0.60739328,0.58202943,1.56659194,0.02142842,0.27507976,-0.10216574,0.95573737,0.55801251,0.43545194,1.55307848,0.67050370,0.56853031,0.29026643,-0.37807866,0.00000000,439.53324965,404.10337564,385.03986794,404.10337564
1.11378743,20,1802.29782841,421.68792490,1755.45859560,421.63305326,0.60739328,0.58202943,1.56659194,0.02142842,0.27507976,-0.10216574,0.95573737,0.55801251,0.43545194,1.55307848,0.67050370,0.56853031,0.29026643,-0.37807866,0.00000000,1790.08993203,627.27189030,1744.16016943,627.27189030
1.11378743,31,1165.81380907,606.46218633,1116.64485072,606.19812203,0.60739328,0.58202943,1.56659194,0.02142842,0.27507976,-0.10216574,0.95573737,0.55801251,0.43545194,1.55307848,0.67050370,0.56853031,0.29026643,-0.37807866,0.00000000,1155.30755778,798.37577212,1105.26148117,798.37577212
1.25378743,5,1590.58213865,69.18636426,1518.25540433,69.30235020,0.63079927,0.59002071,1.56477737,0.02140558,0.27519362,-0.11056905,0.95476924,0.57902900,0.44420421,1.55199307,0.67438887,0.56394314,0.28550348,-0.38164847,0.00000000,1558.91681579,287.08115178,1491.09645312,287.08115178
1.25378743,13,363.93008398,400.33252614,317.22583227,400.13711278,0.63079927,0.59002071,1.56477737,0.02140558,0.27519362,-0.11056905,0.95476924,0.57902900,0.44420421,1.55199307,0.67438887,0.56394314,0.28550348,-0.38164847,0.00000000,355.89280945,575.50268981,309.81242604,575.50268981
1.25378743,14,437.76437685,219.49986349,381.02148728,219.33217331,0.63079927,0.59002071,1.56477737,0.02140558,0.27519362,-0.11056905,0.95476924,0.57902900,0.44420421,1.55199307,0.67438887,0.56394314,0.28550348,-0.38164847,0.00000000,450.88528237,403.07690917,396.42862272,403.07690917
1.25378743,31,1179.08945032,602.66002588,1129.55281622,602.59477967,0.63079927,0.59002071,1.56477737,0.02140558,0.27519362,-0.11056905,0.95476924,0.57902900,0.44420421,1.55199307,0.67438887,0.56394314,0.28550348,-0.38164847,0.00000000,1170.93914844,796.71121250,1120.39473098,796.71121250
1.51378743,13,404.82501139,408.92832057,358.40615677,409.05797481,0.69779142,0.59433677,1.55548473,0.02937879,0.28127915,-0.12920000,0.95043454,0.63996922,0.45083283,1.54247433,0.68879972,0.55166058,0.27511360,-0.38149451,0.00000000,381.47018725,597.46120379,335.24276623,597.46120379
1.51378743,14,474.22804056,225.23782861,417.69941988,225.35908621,0.69779142,0.59433677,1.55548473,0.02937879,0.28127915,-0.12920000,0.95043454,0.63996922,0.45083283,1.54247433,0.68879972,0.55166058,0.27511360,-0.38149451,0.00000000,469.23863027,420.00247464,414.41253842,420.00247464
1.51378743,31,1223.68476507,607.20206457,1172.56551619,607.22370354,0.69779142,0.59433677,1.55548473,0.02937879,0.28127915,-0.12920000,0.95043454,0.63996922,0.45083283,1.54247433,0.68879972,0.55166058,0.27511360,-0.38149451,0.00000000,1211.05829503,805.59005358,1158.84412619,805.59005358
1.58378730,13,401.83463482,420.29846463,355.20463260,420.47397709,0.71847889,0.59082168,1.55550108,0.03455581,0.28237590,-0.13171032,0.94959036,0.65951558,0.44789458,1.54131587,0.69280925,0.54800755,0.27555878,-0.37917072,0.00000000,380.42913777,604.12256024,333.95274097,604.12256024
1.58378730,14,468.83773158,233.79464928,411.93855875,234.01774702,0.71847889,0.59082168,1.55550108,0.03455581,0.28237590,-0.13171032,0.94959036,0.65951558,0.44789458,1.54131587,0.69280925,0.54800755,0.27555878,-0.37917072,0.00000000,466.23492707,423.94047947,411.07746602,423.94047947
1.58378730,31,1227.46205049,610.36836595,1176.09614124,610.37749080,0.71847889,0.59082168,1.55550108,0.03455581,0.28237590,-0.13171032,0.94959036,0.65951558,0.44789458,1.54131587,0.69280925,0.54800755,0.27555878,-0.37917072,0.00000000,1217.46320733,804.39877911,1164.81462668,804.39877911
1.71378743,13,399.70040636,429.92196030,352.58149799,429.90403566,0.76641693,0.58078499,1.55525868,0.03906180,0.28295809,-0.13514884,0.94875898,0.70612486,0.43850975,1.54013735,0.69671386,0.54397096,0.27545346,-0.37790314,0.00000000,377.37817050,603.61804371,330.31408187,603.61804371
1.71378743,14,462.67889289,240.40366113,405.02441857,240.25490614,0.76641693,0.58078499,1.55525868,0.03906180,0.28295809,-0.13514884,0.94875898,0.70612486,0.43850975,1.54013735,0.69671386,0.54397096,0.27545346,-0.37790314,0.00000000,460.90415770,418.06497675,404.90433734,418.06497675
1.71378743,31,1238.63037447,605.36413006,1186.36566912,605.26841120,0.76641693,0.58078499,1.55525868,0.03906180,0.28295809,-0.13514884,0.94875898,0.70612486,0.43850975,1.54013735,0.69671386,0.54397096,0.27545346,-0.37790314,0.00000000,1228.53145825,797.63567578,1174.92031250,797.63567578
1.92378756,13,400.75562913,426.53078294,352.84396527,426.46892245,0.85551180,0.55082838,1.54866966,0.04401809,0.28318991,-0.14161449,0.94752892,0.79303361,0.40958945,1.53272981,0.70203263,0.53783577,0.27403746,-0.37787081,0.00000000,376.60287649,597.08281205,328.36417203,597.08281205
1.92378756,14,459.32888744,228.92775369,400.38871221,228.78547645,0.85551180,0.55082838,1.54866966,0.04401809,0.28318991,-0.14161449,0.94752892,0.79303361,0.40958945,1.53272981,0.70203263,0.53783577,0.27403746,-0.37787081,0.00000000,457.10642546,401.51207956,399.36194659,401.51207956
1.92378756,31,1263.61146264,597.92486646,1209.65759594,597.57880535,0.85551180,0.55082838,1.54866966,0.04401809,0.28318991,-0.14161449,0.94752892,0.79303361,0.40958945,1.53272981,0.70203263,0.53783577,0.27403746,-0.37787081,0.00000000,1255.65526608,784.86542439,1200.02441399,784.86542439
1.98378730,13,397.90980612,422.16867493,349.17919380,421.94540025,0.89058094,0.53510245,1.54694260,0.04809996,0.28382538,-0.14232584,0.94703354,0.82756808,0.39422282,1.52996138,0.70451447,0.53555529,0.27522223,-0.37562297,0.00000000,370.92761174,597.50013082,322.06314465,597.50013082
1.98378730,14,456.35855809,220.71292856,396.46033903,220.44649975,0.89058094,0.53510245,1.54694260,0.04809996,0.28382538,-0.14232584,0.94703354,0.82756808,0.39422282,1.52996138,0.70451447,0.53555529,0.27522223,-0.37562297,0.00000000,450.39190599,396.97506661,391.78790485,396.97506661
1.98378730,31,1271.29606794,589.91417123,1216.44523513,589.61989750,0.89058094,0.53510245,1.54694260,0.04809996,0.28382538,-0.14232584,0.94703354,0.82756808,0.39422282,1.52996138,0.70451447,0.53555529,0.27522223,-0.37562297,0.00000000,1263.69095151,779.77992989,1207.25424253,779.77992989
2.05378743,13,394.06154532,422.15574441,344.89613914,422.23623501,0.92642221,0.51689447,1.54554516,0.05242231,0.28471424,-0.14567287,0.94602750,0.86212171,0.37670282,1.52771674,0.70834325,0.53171819,0.27483181,-0.37415649,0.00000000,372.82878300,599.27562393,323.44633984,599.27562393
2.05378743,14,450.28566220,214.97643064,389.55999182,214.83408351,0.92642221,0.51689447,1.54554516,0.05242231,0.28471424,-0.14567287,0.94602750,0.86212171,0.37670282,1.52771674,0.70834325,0.53171819,0.27483181,-0.37415649,0.00000000,450.61996469,393.90326978,391.26599615,393.90326978
2.05378743,31,1280.53730185,585.25203671,1224.91583116,585.02534690,0.92642221,0.51689447,1.54554516,0.05242231,0.28471424,-0.14567287,0.94602750,0.86212171,0.37670282,1.52771674,0.70834325,0.53171819,0.27483181,-0.37415649,0.00000000,1279.28089561,774.56712805,1221.91292900,774.56712805
2.18378730,14,456.13447281,208.60962397,394.60221634,208.53908178,1.00054179,0.47366875,1.54572999,0.05808742,0.28654108,-0.16320763,0.94227477,0.93095487,0.33600425,1.52805792,0.71923937,0.51926463,0.26619769,-0.37709120,0.00000000,482.43337191,386.18850833,422.16201440,386.18850833
2.18378730,31,1323.67852024,575.85901412,1266.43742088,575.54388584,1.00054179,0.47366875,1.54572999,0.05808742,0.28654108,-0.16320763,0.94227477,0.93095487,0.33600425,1.52805792,0.71923937,0.51926463,0.26619769,-0.37709120,0.00000000,1341.39971993,761.28395471,1281.63415012,761.28395471
2.25378743,14,469.67601084,205.58100345,407.44443688,205.36539310,1.04528687,0.44607224,1.54673883,0.06049624,0.28452289,-0.17575948,0.94047500,0.97219974,0.31019796,1.52934123,0.72502650,0.50993877,0.26124943,-0.38216195,0.00000000,506.06617188,373.35541770,445.24506415,373.35541770
2.25378743,31,1354.25307515,567.33950684,1296.09482819,566.94633480,1.04528687,0.44607224,1.54673883,0.06049624,0.28452289,-0.17575948,0.94047500,0.97219974,0.31019796,1.52934123,0.72502650,0.50993877,0.26124943,-0.38216195,0.00000000,1385.09886359,744.32142761,1323.74227380,744.32142761
2.32378756,14,491.97904783,194.24317973,429.42819326,193.99953852,1.08953847,0.41794329,1.54649013,0.06389216,0.28080070,-0.18933994,0.93873103,1.01269959,0.28416606,1.52900424,0.73103397,0.49879454,0.25716225,-0.38815064,0.00000000,529.69004573,358.69608018,468.24865400,358.69608018
2.32378756,31,1395.37626015,551.97770603,1335.90849097,551.54166806,1.08953847,0.41794329,1.54649013,0.06389216,0.28080070,-0.18933994,0.93873103,1.01269959,0.28416606,1.52900424,0.73103397,0.49879454,0.25716225,-0.38815064,0.00000000,1432.21036196,722.46274785,1369.10508216,722.46274785
2.38378730,14,512.89429375,178.79097523,449.59270988,178.39311161,1.13619554,0.38700204,1.54535878,0.06981372,0.27673425,-0.20489731,0.93624295,1.05496676,0.25593199,1.52720449,0.73879140,0.48488533,0.25318974,-0.39366031,0.00000000,554.24957137,346.02283345,492.09504990,346.02283345
2.45378743,14,536.15594486,163.10026833,472.01901977,162.80360097,1.17889924,0.35712812,1.54469506,0.07746039,0.27297877,-0.21867578,0.93362726,1.09369806,0.22879464,1.52526124,0.74658769,0.47110021,0.25077597,-0.39721887,0.00000000,572.97060125,335.90592241,510.04627334,335.90592241
2.65378743,14,604.09795129,133.80987546,537.14664976,133.69057591,1.32733949,0.23301914,1.54971429,0.10813709,0.26640587,-0.26831313,0.91941717,1.22802214,0.11611066,1.52570628,0.77727981,0.42095669,0.23792439,-0.40252148,0.00000000,642.61892331,307.62552848,576.74382127,307.62552848
2.72378755,14,630.58375515,119.13505548,562.30514548,118.76884574,1.37549403,0.18369647,1.55006673,0.11877321,0.26736393,-0.28310773,0.91337631,1.27199494,0.07076272,1.52476097,0.78770693,0.40581464,0.23253015,-0.40095138,0.00000000,664.68613672,301.23233357,597.60299477,301.23233357
2.72378755,18,186.01340923,485.19153434,139.22496031,485.42530700,1.37549403,0.18369647,1.55006673,0.11877321,0.26736393,-0.28310773,0.91337631,1.27199494,0.07076272,1.52476097,0.78770693,0.40581464,0.23253015,-0.40095138,0.00000000,192.94849263,677.58893127,146.80485457,677.58893127
2.72378755,31,1756.50150510,377.06119098,1679.42358049,376.19930703,1.37549403,0.18369647,1.55006673,0.11877321,0.26736393,-0.28310773,0.91337631,1.27199494,0.07076272,1.52476097,0.78770693,0.40581464,0.23253015,-0.40095138,1.00000000,1819.98425093,525.42985721,1739.35006772,525.42985721
2.85378743,14,665.83650933,101.13927948,594.93477470,100.81888958,1.45033725,0.09089823,1.54754109,0.13186307,0.26402602,-0.30867889,0.90421954,1.34035567,-0.01538698,1.52080946,0.80126951,0.38038734,0.22359323,-0.40407761,1.00000000,708.73081351,271.00213445,639.16326813,271.00213445
2.85378743,18,246.43637906,513.29544641,200.32392634,513.44783746,1.45033725,0.09089823,1.54754109,0.13186307,0.26402602,-0.30867889,0.90421954,1.34035567,-0.01538698,1.52080946,0.80126951,0.38038734,0.22359323,-0.40407761,0.00000000,255.18601598,687.23989063,208.89668895,687.23989063
2.99378743,14,713.53689083,55.38352294,638.89543023,54.66311377,1.52803972,-0.03302280,1.54645450,0.14430297,0.25212713,-0.33936970,0.89466741,1.41122855,-0.13119838,1.51775098,0.81276104,0.34823837,0.21579123,-0.41422660,1.00000000,765.05211688,205.20624025,691.67494767,205.20624025
2.99378743,18,316.77049778,514.37354899,270.89008099,514.38629280,1.52803972,-0.03302280,1.54645450,0.14430297,0.25212713,-0.33936970,0.89466741,1.41122855,-0.13119838,1.51775098,0.81276104,0.34823837,0.21579123,-0.41422660,0.00000000,331.45821502,675.05305656,284.92277527,675.05305656
8.21378743,7,359.06879806,486.23572828,319.59011702,486.32631403,-2.15813935,-1.18791788,1.51323964,0.21912598,-0.15614621,-0.87625913,-0.39967951,-2.03049610,-1.10515502,1.48181791,-0.28648057,0.82453132,0.44558210,0.19883053,0.00000000,420.66929158,656.80739958,380.17088237,656.80739958
8.21378743,11,628.16642125,386.03722652,583.86892308,385.90449984,-2.15813935,-1.18791788,1.51323964,0.21912598,-0.15614621,-0.87625913,-0.39967951,-2.03049610,-1.10515502,1.48181791,-0.28648057,0.82453132,0.44558210,0.19883053,0.00000000,701.30788530,552.88700582,655.81618816,552.88700582
8.61378743,11,937.92543090,270.19412704,887.39460106,269.61650958,-2.26164076,-0.65966863,1.51213456,0.19470059,-0.18883298,-0.81704263,-0.50879033,-2.11716835,-0.61335702,1.47906690,-0.17388952,0.85578633,0.46544758,0.14405119,0.00000000,998.23610210,439.92273387,946.61841929,439.92273387
8.61378743,12,288.63185647,472.39726414,246.08813025,472.35287939,-2.26164076,-0.65966863,1.51213456,0.19470059,-0.18883298,-0.81704263,-0.50879033,-2.11716835,-0.61335702,1.47906690,-0.17388952,0.85578633,0.46544758,0.14405119,0.00000000,323.33096161,644.63731301,279.88264059,644.63731301
8.61378743,41,1596.63889073,780.09016294,1543.53410180,779.80299678,-2.26164076,-0.65966863,1.51213456,0.19470059,-0.18883298,-0.81704263,-0.50879033,-2.11716835,-0.61335702,1.47906690,-0.17388952,0.85578633,0.46544758,0.14405119,0.00000000,1695.72658472,990.94201034,1635.12431921,990.94201034
8.61378743,42,1511.75748788,1018.57387752,1457.66492260,1018.86580597,-2.26164076,-0.65966863,1.51213456,0.19470059,-0.18883298,-0.81704263,-0.50879033,-2.11716835,-0.61335702,1.47906690,-0.17388952,0.85578633,0.46544758,0.14405119,0.00000000,1609.05315006,1279.88387997,1545.55964361,1279.88387997
8.81378743,11,1092.94449569,181.45883047,1037.06035525,180.25200530,-2.25112504,-0.38620034,1.51706011,0.16830516,-0.19892003,-0.78557327,-0.56121733,-2.10250590,-0.35853974,1.48155108,-0.11357632,0.85934876,0.48381844,0.12058131,0.00000000,1161.61242850,314.56220565,1104.60777187,314.56220565
8.81378743,12,431.72451385,447.94629081,388.96933072,447.50658631,-2.25112504,-0.38620034,1.51706011,0.16830516,-0.19892003,-0.78557327,-0.56121733,-2.10250590,-0.35853974,1.48155108,-0.11357632,0.85934876,0.48381844,0.12058131,0.00000000,476.44250170,599.46457679,432.56203076,599.46457679
8.95378743,11,1206.39363005,77.70813221,1145.68212702,76.05630591,-2.22948550,-0.21709009,1.51894370,0.15659610,-0.20267938,-0.76470903,-0.59128082,-2.07930707,-0.20062056,1.48310765,-0.08026922,0.86064716,0.49216735,0.10302726,0.00000000,1275.22770024,225.69739074,1213.67116926,225.69739074
8.95378743,12,522.21268154,404.71534861,478.99356888,404.29982140,-2.22948550,-0.21709009,1.51894370,0.15659610,-0.20267938,-0.76470903,-0.59128082,-2.07930707,-0.20062056,1.48310765,-0.08026922,0.86064716,0.49216735,0.10302726,0.00000000,565.66100125,568.40241417,521.07503751,568.40241417
9.02378730,7,953.15023333,298.89594082,906.33764798,298.26622615,-2.21377749,-0.13170576,1.52410522,0.15629629,-0.20652346,-0.75006854,-0.60853322,-2.06278427,-0.12224560,1.48918428,-0.06218135,0.86405647,0.49148629,0.08933712,0.00000000,1017.54202513,468.77627059,969.89500734,468.77627059
9.02378730,12,563.88172235,390.99266252,520.12931092,390.78065734,-2.21377749,-0.13170576,1.52410522,0.15629629,-0.20652346,-0.75006854,-0.60853322,-2.06278427,-0.12224560,1.48918428,-0.06218135,0.86405647,0.49148629,0.08933712,0.00000000,621.20939149,561.56903564,576.31119622,561.56903564
10.89378743,31,83.03110482,649.48392145,36.83597012,649.75408324,-0.36997895,1.19815620,1.56594165,0.00156574,-0.24703253,-0.23369194,-0.94040440,-0.31832626,1.05580060,1.53169392,0.46500824,0.72396378,0.45358674,-0.23216990,0.00000000,80.94992391,818.14328753,34.07714870,818.14328753
12.43378743,14,350.42153430,52.46972973,276.59099513,51.87931167,1.43454823,0.30668560,1.57531791,-0.13470152,-0.23828967,0.23604227,-0.93238701,1.34314591,0.18685771,1.53797927,0.76672485,0.41649232,0.28803867,-0.39458951,0.00000000,443.85804992,241.80880561,373.37235266,241.80880561
13.77378743,17,798.03547301,675.13245048,740.40484641,674.39043786,1.72053290,-1.36069220,1.55175139,-0.20964418,-0.17769783,0.61201212,-0.74155714,1.56841690,-1.36785858,1.52147653,0.87365164,0.06532435,0.07445845,-0.47636276,0.00000000,819.19382846,855.28711879,757.21523096,855.28711879
17.72378756,7,568.52888882,491.42690193,530.34261492,491.87728195,-2.22492087,-1.00803595,1.47083929,-0.23060935,0.16643168,0.83590743,0.46943806,-2.08442802,-0.94685527,1.44579243,-0.23203939,0.85116941,0.44833444,0.14375185,0.00000000,612.87763662,690.52132602,572.69044285,690.52132602
17.72378756,11,823.04751947,375.86715450,777.43515068,375.87813357,-2.22492087,-1.00803595,1.47083929,-0.23060935,0.16643168,0.83590743,0.46943806,-2.08442802,-0.94685527,1.44579243,-0.23203939,0.85116941,0.44833444,0.14375185,0.00000000,881.61369252,570.75006976,834.51256148,570.75006976
17.86378730,11,934.39805750,374.19752411,886.66458234,373.65273480,-2.23514594,-0.83356423,1.47649492,-0.22395676,0.17985735,0.80971663,0.51170960,-2.08901756,-0.78740848,1.45150851,-0.18776246,0.86343784,0.45259244,0.11991843,0.00000000,1004.69484997,538.87184948,955.54158973,538.87184948
17.92378756,11,1000.78745763,352.28279285,951.75825235,351.37655344,-2.23586987,-0.73248636,1.47714227,-0.21184100,0.18030217,0.79630974,0.53709012,-2.08741326,-0.69437188,1.45212338,-0.16195452,0.86417763,0.46428806,0.10679122,0.00000000,1078.41414795,492.57564800,1027.66436010,492.57564800
17.99378743,11,1062.40272282,315.48129965,1012.05604655,314.28160988,-2.23610361,-0.65913586,1.47667591,-0.20088539,0.18151161,0.78630118,0.55535415,-2.08626440,-0.62751967,1.45102615,-0.14172606,0.86385549,0.47318339,0.09881745,0.00000000,1130.35368367,453.61028599,1078.19930215,453.61028599
18.06378730,11,1124.29383523,269.90854379,1071.81972997,268.75162816,-2.23665927,-0.57490890,1.47555554,-0.19343939,0.18742734,0.77349295,0.57371707,-2.08563709,-0.55051524,1.44898416,-0.11942875,0.86629349,0.47661375,0.09006498,0.00000000,1186.61176330,420.95140697,1132.66314888,420.95140697
18.06378730,12,495.58225602,481.68039959,456.00839611,481.34426473,-2.23665927,-0.57490890,1.47555554,-0.19343939,0.18742734,0.77349295,0.57371707,-2.08563709,-0.55051524,1.44898416,-0.11942875,0.86629349,0.47661375,0.09006498,0.00000000,536.65168821,652.86741467,495.46054326,652.86741467
18.13378743,11,1180.34294444,228.62141467,1126.07191135,227.50195577,-2.23752847,-0.49218405,1.47502939,-0.19325775,0.19410436,0.75867738,0.59107819,-2.08542756,-0.47508015,1.44892481,-0.09987055,0.87115394,0.47443681,0.07762991,0.00000000,1246.79429757,400.39841877,1190.89373889,400.39841877
18.26378730,7,1012.75614897,405.77160887,968.39481616,405.61137200,-2.23546168,-0.31672720,1.47557132,-0.19929450,0.20497794,0.73286946,0.61738540,-2.08213442,-0.31130196,1.45173522,-0.07131946,0.88031657,0.46582668,0.05442228,0.00000000,1048.36151987,595.66801122,1002.73438099,595.66801122
18.26378730,11,1311.78465013,176.26961510,1252.56069503,175.41132023,-2.23546168,-0.31672720,1.47557132,-0.19929450,0.20497794,0.73286946,0.61738540,-2.08213442,-0.31130196,1.45173522,-0.07131946,0.88031657,0.46582668,0.05442228,0.00000000,1361.67816994,358.69390931,1301.21976237,358.69390931
18.26378730,12,646.24593539,476.47348114,605.17150038,476.52108739,-2.23546168,-0.31672720,1.47557132,-0.19929450,0.20497794,0.73286946,0.61738540,-2.08213442,-0.31130196,1.45173522,-0.07131946,0.88031657,0.46582668,0.05442228,0.00000000,669.59842589,664.06968688,627.04896959,664.06968688
18.26378730,15,89.74375378,465.30779672,43.00553297,465.86797504,-2.23546168,-0.31672720,1.47557132,-0.19929450,0.20497794,0.73286946,0.61738540,-2.08213442,-0.31130196,1.45173522,-0.07131946,0.88031657,0.46582668,0.05442228,0.00000000,108.06163046,642.43875188,61.76383450,642.43875188
18.26378730,16,1249.45345989,521.78323628,1211.94702747,521.62005869,-2.23546168,-0.31672720,1.47557132,-0.19929450,0.20497794,0.73286946,0.61738540,-2.08213442,-0.31130196,1.45173522,-0.07131946,0.88031657,0.46582668,0.05442228,0.00000000,1287.79365926,719.09932381,1247.97997211,719.09932381
18.26378730,38,1580.11514822,556.94082997,1532.84464700,556.84067773,-2.23546168,-0.31672720,1.47557132,-0.19929450,0.20497794,0.73286946,0.61738540,-2.08213442,-0.31130196,1.45173522,-0.07131946,0.88031657,0.46582668,0.05442228,0.00000000,1649.13044454,759.33076237,1597.73579655,759.33076237
18.26378730,51,561.01438892,585.17256314,524.56295967,585.47623096,-2.23546168,-0.31672720,1.47557132,-0.19929450,0.20497794,0.73286946,0.61738540,-2.08213442,-0.31130196,1.45173522,-0.07131946,0.88031657,0.46582668,0.05442228,0.00000000,568.42912872,775.87320107,529.93120194,775.87320107
18.33378743,7,1055.65955125,402.91215014,1010.03726846,402.73935070,-2.22731663,-0.22680574,1.47338650,-0.19615411,0.21097566,0.71999976,0.63135317,-2.07392302,-0.22762101,1.44935990,-0.05328236,0.88261038,0.46482953,0.04575379,0.00000000,1096.45284423,580.27324230,1049.49830998,580.27324230
18.33378743,11,1368.17859974,154.27670114,1306.46223105,153.47069186,-2.22731663,-0.22680574,1.47338650,-0.19615411,0.21097566,0.71999976,0.63135317,-2.07392302,-0.22762101,1.44935990,-0.05328236,0.88261038,0.46482953,0.04575379,0.00000000,1423.48501585,319.37953413,1360.19729709,319.37953413
18.33378743,12,682.39087270,480.03835647,640.72208698,480.04432853,-2.22731663,-0.22680574,1.47338650,-0.19615411,0.21097566,0.71999976,0.63135317,-2.07392302,-0.22762101,1.44935990,-0.05328236,0.88261038,0.46482953,0.04575379,0.00000000,711.11420293,659.59119228,667.89195350,659.59119228
18.33378743,15,131.23089542,473.05502546,84.79735874,473.30893626,-2.22731663,-0.22680574,1.47338650,-0.19615411,0.21097566,0.71999976,0.63135317,-2.07392302,-0.22762101,1.44935990,-0.05328236,0.88261038,0.46482953,0.04575379,0.00000000,153.06351784,648.25597888,106.73152945,648.25597888
18.33378743,16,1300.27272523,521.95162913,1261.67853780,521.78808185,-2.22731663,-0.22680574,1.47338650,-0.19615411,0.21097566,0.71999976,0.63135317,-2.07392302,-0.22762101,1.44935990,-0.05328236,0.88261038,0.46482953,0.04575379,0.00000000,1346.60757331,704.31970951,1305.44663955,704.31970951
18.33378743,38,1655.03214748,552.65080857,1605.23507188,552.15568899,-2.22731663,-0.22680574,1.47338650,-0.19615411,0.21097566,0.71999976,0.63135317,-2.07392302,-0.22762101,1.44935990,-0.05328236,0.88261038,0.46482953,0.04575379,0.00000000,1736.93739404,735.98580899,1682.84984680,735.98580899
18.33378743,51,597.84249239,592.45860556,560.96556945,592.53065839,-2.22731663,-0.22680574,1.47338650,-0.19615411,0.21097566,0.71999976,0.63135317,-2.07392302,-0.22762101,1.44935990,-0.05328236,0.88261038,0.46482953,0.04575379,0.00000000,612.07073934,775.96303508,573.15380566,775.96303508
18.59378743,7,1236.74971546,286.20911287,1184.53524102,285.21114732,-2.15123562,0.13212187,1.45777927,-0.16872863,0.22804066,0.67679114,0.67932168,-2.00010205,0.10990385,1.42999325,0.01477431,0.88107218,0.47219609,0.02289945,0.00000000,1282.80184450,462.26712648,1229.07928633,462.26712648
18.59378743,12,823.96919829,415.23666502,778.27015606,414.83176170,-2.15123562,0.13212187,1.45777927,-0.16872863,0.22804066,0.67679114,0.67932168,-2.00010205,0.10990385,1.42999325,0.01477431,0.88107218,0.47219609,0.02289945,0.00000000,857.07303513,598.00450875,810.13692046,598.00450875
18.59378743,15,272.51512110,454.62589644,224.94503987,454.48656364,-2.15123562,0.13212187,1.45777927,-0.16872863,0.22804066,0.67679114,0.67932168,-2.00010205,0.10990385,1.42999325,0.01477431,0.88107218,0.47219609,0.02289945,0.00000000,291.23403977,634.35050026,243.37435746,634.35050026
18.59378743,16,1526.86685548,405.43614077,1481.90262892,404.50307826,-2.15123562,0.13212187,1.45777927,-0.16872863,0.22804066,0.67679114,0.67932168,-2.00010205,0.10990385,1.42999325,0.01477431,0.88107218,0.47219609,0.02289945,0.00000000,1583.31803834,586.00555195,1535.68800395,586.00555195
18.59378743,51,743.79776530,548.19233256,704.33879255,547.93410658,-2.15123562,0.13212187,1.45777927,-0.16872863,0.22804066,0.67679114,0.67932168,-2.00010205,0.10990385,1.42999325,0.01477431,0.88107218,0.47219609,0.02289945,0.00000000,764.13090508,736.39316397,722.80002478,736.39316397
21.34378730,14,288.00715305,213.36369850,224.51901532,212.48132657,1.11736193,0.64377655,1.55558548,0.09915965,0.25427206,-0.17571060,0.94585185,1.04287728,0.51114370,1.52449129,0.73231664,0.47864843,0.29874402,-0.38126109,1.00000000,342.76598917,366.69669730,280.63166744,366.69669730
21.41378743,14,325.11448882,193.73250462,260.63910602,192.70807409,1.18711725,0.58427960,1.55174863,0.10844204,0.24900567,-0.19071494,0.94332412,1.10832311,0.45460698,1.51884173,0.74087188,0.46274648,0.29734885,-0.38543251,1.00000000,363.84076255,349.28091163,300.23361367,349.28091163
21.48378755,14,346.48552632,171.85335551,280.34609184,171.03956630,1.24904971,0.52975103,1.54995448,0.11525335,0.24905188,-0.20376462,0.93976924,1.16641686,0.40268597,1.51629966,0.74926644,0.45115922,0.29253484,-0.38662453,0.00000000,385.56135954,338.69689034,320.70145849,338.69689034
21.54378730,14,360.31715303,156.97684191,292.86767795,156.16684914,1.31618118,0.46618473,1.55022733,0.12130078,0.25343336,-0.22346618,0.93333412,1.22787814,0.34284152,1.51712294,0.76138930,0.43735280,0.28043627,-0.38776844,0.00000000,428.07686971,333.34581678,362.31293847,333.34581678
21.61378743,14,399.45071189,147.29853271,331.12630292,146.93559731,1.38214383,0.39835643,1.55207065,0.12671895,0.25796639,-0.24395718,0.92621467,1.28813551,0.27905481,1.51987709,0.77333646,0.42318563,0.26720635,-0.38918557,0.00000000,473.43812862,324.36345793,406.70070130,324.36345793
21.68378755,14,445.02134445,141.66335089,376.03798910,141.12964973,1.44284886,0.32960440,1.55365362,0.12786691,0.25780643,-0.26563851,0.92011577,1.34345852,0.21429838,1.52310333,0.78196380,0.40868242,0.25400476,-0.39622327,1.00000000,523.05271242,299.00663470,455.21100317,299.00663470
28.24378756,5,101.34511196,524.56089913,53.39072692,524.65936270,-1.08233327,0.78848419,1.46981462,0.07477983,-0.28369273,-0.38454343,-0.87523948,-0.98634636,0.66985417,1.44119100,0.33633305,0.81927558,0.44178677,-0.14315043,0.00000000,145.76508668,696.37673399,98.57158642,696.37673399
28.24378756,9,408.00402531,328.39940094,348.63336434,328.02278674,-1.08233327,0.78848419,1.46981462,0.07477983,-0.28369273,-0.38454343,-0.87523948,-0.98634636,0.66985417,1.44119100,0.33633305,0.81927558,0.44178677,-0.14315043,0.00000000,470.81678326,492.86205625,411.76467172,492.86205625
29.25378743,5,1049.74623205,302.90901439,996.56742314,302.25443338,0.20332379,0.82703172,1.52659495,-0.02078537,-0.27705743,-0.02685634,-0.96025126,0.19146607,0.67412804,1.50238961,0.60705193,0.63599844,0.35598937,-0.31664728,0.00000000,1092.40901458,480.70885250,1038.79617642,480.70885250
29.71378743,14,217.89134832,163.71635666,157.74175328,163.03225545,0.65048545,0.73364778,1.57661384,-0.03539419,-0.24112935,0.06935212,-0.96736426,0.61072699,0.58524377,1.55421838,0.64982657,0.56686573,0.33640918,-0.37844093,0.00000000,250.37531906,318.24575010,192.49224664,318.24575010
29.71378743,31,1012.45820883,543.19198404,964.53016286,542.89297044,0.65048545,0.73364778,1.57661384,-0.03539419,-0.24112935,0.06935212,-0.96736426,0.61072699,0.58524377,1.55421838,0.64982657,0.56686573,0.33640918,-0.37844093,0.00000000,1013.29598520,710.55809868,964.01996505,710.55809868
29.78378730,31,1030.41458412,524.15650274,981.47759798,523.49588786,0.69379516,0.72248413,1.60135371,-0.03349007,-0.23279992,0.07470107,-0.96907062,0.65294657,0.57430714,1.57941882,0.64839740,0.56184198,0.33769863,-0.38713569,0.00000000,1027.91492634,675.59000877,978.23181723,675.59000877
30.18378730,31,999.42279840,199.64009101,946.46088989,198.79312782,0.78436344,0.73525745,1.73488313,-0.01756266,-0.12371576,0.05456622,-0.99066036,0.75496136,0.58467932,1.71105502,0.58745911,0.53587092,0.40414237,-0.45210960,0.00000000,982.94984107,367.64937535,932.40466770,367.64937535
30.25378743,31,1001.34986822,175.38792472,947.99774072,175.01022563,0.79745487,0.73961255,1.74495873,-0.01812345,-0.11652008,0.05072931,-0.99172592,0.76951193,0.58885420,1.72052213,0.58278199,0.53442798,0.41043929,-0.45419321,0.00000000,972.54621930,345.32656995,921.67194923,345.32656995
30.32378755,31,987.36846237,155.55253718,933.03195954,155.01432908,0.80399069,0.74117933,1.75336798,-0.01498594,-0.10841038,0.06125395,-0.99210220,0.77334633,0.59079072,1.72991034,0.58284292,0.52687201,0.40773547,-0.46524381,0.00000000,995.91261620,322.92395047,944.81276776,322.92395047
30.38378730,31,992.12079178,130.78345761,938.48492413,130.05089069,0.80205554,0.74191225,1.76132189,-0.01088435,-0.09772041,0.07216075,-0.99253311,0.76872278,0.59192531,1.73898556,0.58138223,0.51832844,0.40564635,-0.47831096,0.00000000,1021.66715014,296.13720984,970.39688207,296.13720984
30.45378743,31,1026.91977346,105.20659773,972.90352441,103.97144013,0.79271739,0.74398378,1.76992268,-0.00572772,-0.08208225,0.08100244,-0.99330931,0.75753021,0.59426121,1.74868353,0.57608494,0.50901381,0.40667010,-0.49360967,0.00000000,1044.19728099,258.67397190,992.72288001,258.67397190
30.52378755,31,1045.42519513,68.39864488,990.82118640,67.41483561,0.77885003,0.74875916,1.77951461,-0.00163171,-0.06874135,0.08565100,-0.99394801,0.74291410,0.59911189,1.75901175,0.57021794,0.50233864,0.40914111,-0.50508509,0.00000000,1056.46137052,226.40154820,1004.89853555,226.40154820
