time_s,apriltag_id,left_u,left_v,right_u,right_v,x,y,z,rot_x,rot_y,rot_z,w
0.05758399,7,937.45178091,301.05140383,896.42022536,300.93530821,-0.69692978,1.77436101,2.10344638,-0.22837007,0.02439544,0.97293780,0.02537658
0.05758399,11,1270.58675894,296.19090067,1229.35238276,295.85590518,-0.69692978,1.77436101,2.10344638,-0.22837007,0.02439544,0.97293780,0.02537658
0.05758399,12,363.86238823,49.62197216,308.72392912,49.01238765,-0.69692978,1.77436101,2.10344638,-0.22837007,0.02439544,0.97293780,0.02537658
0.05758399,16,828.54103744,433.13845790,791.99119393,433.16742262,-0.69692978,1.77436101,2.10344638,-0.22837007,0.02439544,0.97293780,0.02537658
0.05758399,35,1583.62778191,984.98310448,1550.61819167,984.86362972,-0.69692978,1.77436101,2.10344638,-0.22837007,0.02439544,0.97293780,0.02537658
0.05758399,36,1530.83683313,781.75025707,1500.33840632,781.73469083,-0.69692978,1.77436101,2.10344638,-0.22837007,0.02439544,0.97293780,0.02537658
0.05758399,38,1046.33592093,598.18405799,1011.50615402,598.11513595,-0.69692978,1.77436101,2.10344638,-0.22837007,0.02439544,0.97293780,0.02537658
0.05758399,40,1247.74106231,676.92510145,1213.16926530,676.77557894,-0.69692978,1.77436101,2.10344638,-0.22837007,0.02439544,0.97293780,0.02537658
0.05758399,41,1324.36517018,829.69264473,1288.83545309,829.85237773,-0.69692978,1.77436101,2.10344638,-0.22837007,0.02439544,0.97293780,0.02537658
0.05758399,42,1269.14197575,967.24701447,1230.04502719,967.54606601,-0.69692978,1.77436101,2.10344638,-0.22837007,0.02439544,0.97293780,0.02537658
0.65758399,7,927.44234850,297.73283618,886.48116672,297.52858336,-0.69167895,1.76164581,2.10970528,-0.22538128,0.02112992,0.97383708,0.01995323
0.65758399,11,1259.82522085,296.43817062,1218.67621525,296.09447224,-0.69167895,1.76164581,2.10970528,-0.22538128,0.02112992,0.97383708,0.01995323
0.65758399,12,352.54599128,39.26763131,297.47735769,38.58116555,-0.69167895,1.76164581,2.10970528,-0.22538128,0.02112992,0.97383708,0.01995323
0.65758399,16,817.61266119,428.35126843,781.07549804,428.22345918,-0.69167895,1.76164581,2.10970528,-0.22538128,0.02112992,0.97383708,0.01995323
0.65758399,35,1562.44657144,981.34999307,1529.65286894,981.33793589,-0.69167895,1.76164581,2.10970528,-0.22538128,0.02112992,0.97383708,0.01995323
0.65758399,36,1513.61232449,780.90940608,1483.41101528,780.90370048,-0.69167895,1.76164581,2.10970528,-0.22538128,0.02112992,0.97383708,0.01995323
0.65758399,38,1033.79396795,594.71393952,999.04114468,594.51478062,-0.69167895,1.76164581,2.10970528,-0.22538128,0.02112992,0.97383708,0.01995323
0.65758399,40,1233.68813025,674.62562872,1199.09008765,674.48219314,-0.69167895,1.76164581,2.10970528,-0.22538128,0.02112992,0.97383708,0.01995323
0.65758399,41,1308.00639462,826.77145365,1272.57192043,826.60251172,-0.69167895,1.76164581,2.10970528,-0.22538128,0.02112992,0.97383708,0.01995323
0.65758399,42,1250.96773618,962.11886862,1211.92001744,962.13127460,-0.69167895,1.76164581,2.10970528,-0.22538128,0.02112992,0.97383708,0.01995323
0.99758399,7,926.59069735,297.68622170,885.63559791,297.53436424,-0.68984552,1.76090279,2.10767320,-0.22622546,0.02022005,0.97366528,0.01972570
0.99758399,11,1258.54263342,297.61294497,1217.49111009,297.33220914,-0.68984552,1.76090279,2.10767320,-0.22622546,0.02022005,0.97366528,0.01972570
0.99758399,16,816.64786689,428.17181119,780.14994440,428.08336560,-0.68984552,1.76090279,2.10767320,-0.22622546,0.02022005,0.97366528,0.01972570
0.99758399,35,1560.65492334,984.97470864,1527.88097761,984.93900957,-0.68984552,1.76090279,2.10767320,-0.22622546,0.02022005,0.97366528,0.01972570
0.99758399,36,1511.82128126,783.59382099,1481.76133885,783.70055339,-0.68984552,1.76090279,2.10767320,-0.22622546,0.02022005,0.97366528,0.01972570
0.99758399,38,1032.48967548,595.63777608,997.61757448,595.48294918,-0.68984552,1.76090279,2.10767320,-0.22622546,0.02022005,0.97366528,0.01972570
0.99758399,40,1232.02422718,676.30466028,1197.45874025,676.21913615,-0.68984552,1.76090279,2.10767320,-0.22622546,0.02022005,0.97366528,0.01972570
0.99758399,41,1306.11747485,829.01642261,1270.80323768,829.02273403,-0.68984552,1.76090279,2.10767320,-0.22622546,0.02022005,0.97366528,0.01972570
0.99758399,42,1249.02573381,964.65937163,1210.03623300,964.72294130,-0.68984552,1.76090279,2.10767320,-0.22622546,0.02022005,0.97366528,0.01972570
1.19758399,7,927.97619406,301.71779066,887.07971113,301.61798279,-0.68922614,1.76312969,2.10540942,-0.22799635,0.02080007,0.97324351,0.01954468
1.19758399,11,1259.92888816,301.58168696,1218.90171672,301.29665860,-0.68922614,1.76312969,2.10540942,-0.22799635,0.02080007,0.97324351,0.01954468
1.19758399,12,353.88184042,41.24548691,298.60806040,40.59222553,-0.68922614,1.76312969,2.10540942,-0.22799635,0.02080007,0.97324351,0.01954468
1.19758399,16,818.14879214,432.02934146,781.84239381,432.02547394,-0.68922614,1.76312969,2.10540942,-0.22799635,0.02080007,0.97324351,0.01954468
1.19758399,35,1563.55048044,989.67120762,1530.80920885,989.62806456,-0.68922614,1.76312969,2.10540942,-0.22799635,0.02080007,0.97324351,0.01954468
1.19758399,36,1514.33884735,787.69190094,1484.08413151,787.89245138,-0.68922614,1.76312969,2.10540942,-0.22799635,0.02080007,0.97324351,0.01954468
1.19758399,38,1034.09470714,599.53945381,999.41268982,599.44402794,-0.68922614,1.76312969,2.10540942,-0.22799635,0.02080007,0.97324351,0.01954468
1.19758399,40,1233.89418454,680.25362888,1199.40353418,680.26101252,-0.68922614,1.76312969,2.10540942,-0.22799635,0.02080007,0.97324351,0.01954468
1.19758399,41,1308.28577190,833.27743796,1272.83719621,833.27148776,-0.68922614,1.76312969,2.10540942,-0.22799635,0.02080007,0.97324351,0.01954468
1.19758399,42,1251.29902989,969.27303179,1212.24757428,969.48060419,-0.68922614,1.76312969,2.10540942,-0.22799635,0.02080007,0.97324351,0.01954468
1.19758399,44,1807.27805239,814.22363343,1781.99197325,814.47125802,-0.68922614,1.76312969,2.10540942,-0.22799635,0.02080007,0.97324351,0.01954468
1.72758386,7,925.81168609,304.38306334,885.05680202,304.21096138,-0.67724984,1.77558845,2.11219158,-0.22645715,0.02607585,0.97343519,0.02146852
1.72758386,11,1256.64213366,300.95130204,1215.76675313,300.55360276,-0.67724984,1.77558845,2.11219158,-0.22645715,0.02607585,0.97343519,0.02146852
1.72758386,12,351.18736453,51.53268395,296.15911640,50.84681019,-0.67724984,1.77558845,2.11219158,-0.22645715,0.02607585,0.97343519,0.02146852
1.72758386,16,817.41619483,435.02263725,781.10766920,434.87209065,-0.67724984,1.77558845,2.11219158,-0.22645715,0.02607585,0.97343519,0.02146852
1.72758386,35,1565.90730442,980.10462404,1533.24674515,979.91484706,-0.67724984,1.77558845,2.11219158,-0.22645715,0.02607585,0.97343519,0.02146852
1.72758386,36,1514.39874444,780.51171078,1484.40183898,780.57279627,-0.67724984,1.77558845,2.11219158,-0.22645715,0.02607585,0.97343519,0.02146852
1.72758386,38,1034.53528911,599.18286276,999.85841750,598.96248995,-0.67724984,1.77558845,2.11219158,-0.22645715,0.02607585,0.97343519,0.02146852
1.72758386,40,1234.50057094,677.21414940,1200.11043499,677.12261929,-0.67724984,1.77558845,2.11219158,-0.22645715,0.02607585,0.97343519,0.02146852
1.72758386,41,1310.41165668,828.21560948,1275.11171076,828.04210283,-0.67724984,1.77558845,2.11219158,-0.22645715,0.02607585,0.97343519,0.02146852
1.72758386,42,1255.51554354,963.80081362,1216.78352531,963.67149998,-0.67724984,1.77558845,2.11219158,-0.22645715,0.02607585,0.97343519,0.02146852
1.72758386,44,1805.71430367,803.40455544,1780.64527862,803.43531932,-0.67724984,1.77558845,2.11219158,-0.22645715,0.02607585,0.97343519,0.02146852
2.12758386,7,997.24486136,289.98254327,956.68708761,289.66790941,-0.67075578,1.77559324,2.12513996,-0.22581317,0.01733229,0.97348207,0.03220721
2.12758386,11,1332.79417318,289.40263883,1291.60071259,289.03016240,-0.67075578,1.77559324,2.12513996,-0.22581317,0.01733229,0.97348207,0.03220721
2.12758386,16,886.98190055,418.68240984,850.85960196,418.47413998,-0.67075578,1.77559324,2.12513996,-0.22581317,0.01733229,0.97348207,0.03220721
2.12758386,38,1099.68279659,586.87815394,1064.94556707,586.72980515,-0.67075578,1.77559324,2.12513996,-0.22581317,0.01733229,0.97348207,0.03220721
2.12758386,40,1300.76165464,671.03914415,1265.92987876,670.85869291,-0.67075578,1.77559324,2.12513996,-0.22581317,0.01733229,0.97348207,0.03220721
2.32758386,7,905.30797469,292.34985343,864.30034133,292.00294376,-0.65396507,1.78093269,2.14420969,-0.21694207,0.03327609,0.97543372,0.01887866
2.32758386,16,796.17466112,423.01445524,759.70920825,422.69476482,-0.65396507,1.78093269,2.14420969,-0.21694207,0.03327609,0.97543372,0.01887866
2.32758386,36,1485.48392221,753.61713059,1455.85958289,753.12098560,-0.65396507,1.78093269,2.14420969,-0.21694207,0.03327609,0.97543372,0.01887866
2.32758386,38,1013.08631917,583.06132594,978.71093971,582.57800065,-0.65396507,1.78093269,2.14420969,-0.21694207,0.03327609,0.97543372,0.01887866
2.32758386,40,1211.16188370,657.17258300,1177.21539167,656.65003454,-0.65396507,1.78093269,2.14420969,-0.21694207,0.03327609,0.97543372,0.01887866
2.32758386,41,1287.15251919,802.68328084,1252.12108900,802.11328188,-0.65396507,1.78093269,2.14420969,-0.21694207,0.03327609,0.97543372,0.01887866
2.32758386,42,1234.73919873,934.58625326,1196.83011121,933.98461416,-0.65396507,1.78093269,2.14420969,-0.21694207,0.03327609,0.97543372,0.01887866
2.32758386,43,1416.51755903,794.22423778,1384.98700077,793.88575353,-0.65396507,1.78093269,2.14420969,-0.21694207,0.03327609,0.97543372,0.01887866
2.32758386,54,1016.05750233,410.64926154,979.11852082,410.24941654,-0.65396507,1.78093269,2.14420969,-0.21694207,0.03327609,0.97543372,0.01887866
2.59758399,16,834.03165534,374.48661323,797.83641667,374.09276790,-0.62895250,1.77596503,2.17561295,-0.19980191,0.02328947,0.97917236,0.02751167
2.59758399,35,1559.70522496,899.43170823,1527.83303257,899.12377110,-0.62895250,1.77596503,2.17561295,-0.19980191,0.02328947,0.97917236,0.02751167
2.59758399,36,1516.57430048,710.50491356,1487.06265697,710.05719082,-0.62895250,1.77596503,2.17561295,-0.19980191,0.02328947,0.97917236,0.02751167
2.59758399,38,1047.03332223,534.19183558,1012.91498316,533.81132783,-0.62895250,1.77596503,2.17561295,-0.19980191,0.02328947,0.97917236,0.02751167
2.59758399,40,1243.05999060,609.71835121,1209.02144966,609.08714374,-0.62895250,1.77596503,2.17561295,-0.19980191,0.02328947,0.97917236,0.02751167
2.59758399,41,1314.46835862,754.33578824,1280.02909183,754.01557093,-0.62895250,1.77596503,2.17561295,-0.19980191,0.02328947,0.97917236,0.02751167
2.59758399,42,1258.15702528,881.76327580,1220.59961427,881.51148398,-0.62895250,1.77596503,2.17561295,-0.19980191,0.02328947,0.97917236,0.02751167
2.59758399,43,1445.13618731,749.03217660,1413.31236510,748.58659937,-0.62895250,1.77596503,2.17561295,-0.19980191,0.02328947,0.97917236,0.02751167
2.59758399,54,1052.37624220,362.86983946,1015.66636684,362.42668045,-0.62895250,1.77596503,2.17561295,-0.19980191,0.02328947,0.97917236,0.02751167
2.66758411,7,938.85364794,233.48194946,898.46616126,233.29614886,-0.62761520,1.77510645,2.17714599,-0.19989393,0.01533627,0.97889210,0.03967628
2.66758411,11,1267.29691808,228.67978765,1226.98844802,228.21138269,-0.62761520,1.77510645,2.17714599,-0.19989393,0.01533627,0.97889210,0.03967628
2.66758411,16,832.22892366,364.35847597,796.56928952,364.21154611,-0.62761520,1.77510645,2.17714599,-0.19989393,0.01533627,0.97889210,0.03967628
2.66758411,38,1046.83777977,526.07951095,1013.02697029,525.85214702,-0.62761520,1.77510645,2.17714599,-0.19989393,0.01533627,0.97889210,0.03967628
2.66758411,40,1243.13024517,602.59601945,1209.52128782,602.30203268,-0.62761520,1.77510645,2.17714599,-0.19989393,0.01533627,0.97889210,0.03967628
2.93758399,16,855.73846125,357.92420419,819.58926353,357.88476040,-0.62149321,1.76868801,2.18281372,-0.19738997,0.01600525,0.97962133,0.03351114
2.93758399,35,1572.95594242,901.01585565,1541.02970542,900.84329326,-0.62149321,1.76868801,2.18281372,-0.19738997,0.01600525,0.97962133,0.03351114
2.93758399,36,1533.32717785,709.71458179,1503.45452489,709.40869668,-0.62149321,1.76868801,2.18281372,-0.19738997,0.01600525,0.97962133,0.03351114
2.93758399,38,1064.59854364,522.30231039,1030.38634778,522.23854615,-0.62149321,1.76868801,2.18281372,-0.19738997,0.01600525,0.97962133,0.03351114
2.93758399,40,1258.72249464,601.84982830,1224.85924968,601.63744640,-0.62149321,1.76868801,2.18281372,-0.19738997,0.01600525,0.97962133,0.03351114
2.93758399,42,1268.24419340,875.40957684,1230.77588775,875.42913549,-0.62149321,1.76868801,2.18281372,-0.19738997,0.01600525,0.97962133,0.03351114
2.93758399,44,1827.84512180,739.30202959,1802.51811290,739.33313066,-0.62149321,1.76868801,2.18281372,-0.19738997,0.01600525,0.97962133,0.03351114
2.93758399,54,1073.73201316,349.25005943,1036.88661779,348.90890925,-0.62149321,1.76868801,2.18281372,-0.19738997,0.01600525,0.97962133,0.03351114
3.40758386,7,951.74473178,232.62959409,911.46860520,232.64650061,-0.62366566,1.78396455,2.17535370,-0.20128789,0.02377677,0.97868951,0.03293413
3.40758386,11,1280.19716988,226.72343362,1239.72531757,226.46691426,-0.62366566,1.78396455,2.17535370,-0.20128789,0.02377677,0.97868951,0.03293413
3.40758386,16,845.43161962,364.40511818,809.65715486,364.44822395,-0.62366566,1.78396455,2.17535370,-0.20128789,0.02377677,0.97868951,0.03293413
3.40758386,35,1576.75688348,898.05774472,1545.06565719,898.02494658,-0.62366566,1.78396455,2.17535370,-0.20128789,0.02377677,0.97868951,0.03293413
3.40758386,36,1531.44226138,706.11523738,1502.01721381,706.08568895,-0.62366566,1.78396455,2.17535370,-0.20128789,0.02377677,0.97868951,0.03293413
3.40758386,38,1058.99845834,526.18934694,1025.21202083,526.05509564,-0.62366566,1.78396455,2.17535370,-0.20128789,0.02377677,0.97868951,0.03293413
3.40758386,41,1328.29315974,749.54860020,1294.01540547,749.49218738,-0.62366566,1.78396455,2.17535370,-0.20128789,0.02377677,0.97868951,0.03293413
3.40758386,42,1272.76987546,877.85125622,1235.33882845,877.65426467,-0.62366566,1.78396455,2.17535370,-0.20128789,0.02377677,0.97868951,0.03293413
3.40758386,44,1824.37652818,730.98631103,1799.63201522,731.10960084,-0.62366566,1.78396455,2.17535370,-0.20128789,0.02377677,0.97868951,0.03293413
4.07758399,7,969.60828303,240.58032050,928.96826695,240.30506413,-0.66518618,1.77732387,2.16045325,-0.20270826,0.01629607,0.97815712,0.04303828
4.07758399,11,1302.01397400,235.50632289,1261.09396796,235.04573951,-0.66518618,1.77732387,2.16045325,-0.20270826,0.01629607,0.97815712,0.04303828
4.07758399,16,862.19813689,372.17231337,826.26351202,372.01473392,-0.66518618,1.77732387,2.16045325,-0.20270826,0.01629607,0.97815712,0.04303828
4.07758399,24,1694.42791968,824.56468470,1668.41999397,824.33958584,-0.66518618,1.77732387,2.16045325,-0.20270826,0.01629607,0.97815712,0.04303828
4.07758399,35,1605.16216672,918.26122168,1572.81122705,918.03325814,-0.66518618,1.77732387,2.16045325,-0.20270826,0.01629607,0.97815712,0.04303828
4.07758399,36,1557.88823371,721.55165180,1528.04287402,721.33244944,-0.66518618,1.77732387,2.16045325,-0.20270826,0.01629607,0.97815712,0.04303828
4.07758399,38,1076.96557356,535.59646443,1042.88842307,535.42237080,-0.66518618,1.77732387,2.16045325,-0.20270826,0.01629607,0.97815712,0.04303828
4.07758399,40,1275.90097843,614.14548260,1241.90999716,614.10733458,-0.66518618,1.77732387,2.16045325,-0.20270826,0.01629607,0.97815712,0.04303828
4.07758399,44,1859.62734618,749.51787266,1834.70263009,749.81374868,-0.66518618,1.77732387,2.16045325,-0.20270826,0.01629607,0.97815712,0.04303828
4.40758386,7,978.98509132,239.95677765,937.63673447,239.97373482,-0.76136008,1.77606661,2.12267743,-0.21607631,0.01892805,0.97508080,0.04657884
4.40758386,16,870.85695132,376.76326728,834.48688564,376.78063336,-0.76136008,1.77606661,2.12267743,-0.21607631,0.01892805,0.97508080,0.04657884
4.40758386,38,1091.41370427,543.83176426,1056.60624329,544.04319523,-0.76136008,1.77606661,2.12267743,-0.21607631,0.01892805,0.97508080,0.04657884
4.40758386,40,1296.24209946,624.47754282,1261.68766440,624.71962041,-0.76136008,1.77606661,2.12267743,-0.21607631,0.01892805,0.97508080,0.04657884
4.40758386,41,1374.74199287,780.05162430,1339.04980283,780.28421139,-0.76136008,1.77606661,2.12267743,-0.21607631,0.01892805,0.97508080,0.04657884
4.40758386,42,1317.77256486,916.48162711,1278.57287636,917.02982408,-0.76136008,1.77606661,2.12267743,-0.21607631,0.01892805,0.97508080,0.04657884
4.40758386,54,1094.25709729,364.07519624,1057.01436090,364.12543643,-0.76136008,1.77606661,2.12267743,-0.21607631,0.01892805,0.97508080,0.04657884
4.87758399,7,936.21575518,264.23384335,891.26306603,263.80377807,-1.05286897,1.76931962,2.06880268,-0.23852279,0.01713675,0.97094038,0.00934256
4.87758399,11,1298.46565758,265.48271164,1253.53355003,264.97729236,-1.05286897,1.76931962,2.06880268,-0.23852279,0.01713675,0.97094038,0.00934256
4.87758399,16,814.29615072,409.88791310,774.48467801,409.19415102,-1.05286897,1.76931962,2.06880268,-0.23852279,0.01713675,0.97094038,0.00934256
4.87758399,54,1055.01887516,401.81498122,1014.19513792,400.99781161,-1.05286897,1.76931962,2.06880268,-0.23852279,0.01713675,0.97094038,0.00934256
5.14758411,11,1265.61582112,235.86538166,1218.92176516,235.23445721,-1.23176108,1.74062623,2.07062954,-0.23799276,0.00954460,0.97116021,-0.01072869
5.14758411,16,759.00103493,377.98757159,717.07830184,377.56708699,-1.23176108,1.74062623,2.07062954,-0.23799276,0.00954460,0.97116021,-0.01072869
5.14758411,38,998.74062339,576.58713824,959.31928238,576.21399775,-1.23176108,1.74062623,2.07062954,-0.23799276,0.00954460,0.97116021,-0.01072869
5.14758411,40,1220.43018585,673.02705290,1181.32369837,672.65390307,-1.23176108,1.74062623,2.07062954,-0.23799276,0.00954460,0.97116021,-0.01072869
5.47758399,16,711.93194302,294.91253489,666.67029920,294.39809677,-1.50849620,1.67341615,2.06361030,-0.23694909,-0.01463879,0.97126280,-0.01700269
5.47758399,35,1546.34268204,1034.95028934,1507.96978927,1035.09733761,-1.50849620,1.67341615,2.06361030,-0.23694909,-0.01463879,0.97126280,-0.01700269
5.47758399,36,1497.51581185,797.44321253,1462.77516735,797.39294339,-1.50849620,1.67341615,2.06361030,-0.23694909,-0.01463879,0.97126280,-0.01700269
5.47758399,38,961.59433392,525.08946472,919.32106869,524.53618278,-1.50849620,1.67341615,2.06361030,-0.23694909,-0.01463879,0.97126280,-0.01700269
5.74758412,7,801.75587490,61.30758370,745.64410581,60.99342710,-1.73258026,1.60656322,2.03758578,-0.25040011,-0.01446705,0.96675692,-0.04966715
5.74758412,11,1240.23020498,117.21866116,1186.04083369,116.96343363,-1.73258026,1.60656322,2.03758578,-0.25040011,-0.01446705,0.96675692,-0.04966715
5.74758412,16,642.38898557,250.15817432,593.24243798,250.22288970,-1.73258026,1.60656322,2.03758578,-0.25040011,-0.01446705,0.96675692,-0.04966715
5.74758412,38,906.38751580,510.58661248,860.87015514,510.49139280,-1.73258026,1.60656322,2.03758578,-0.25040011,-0.01446705,0.96675692,-0.04966715
5.74758412,40,1150.65680267,639.79730441,1106.18028126,639.82260366,-1.73258026,1.60656322,2.03758578,-0.25040011,-0.01446705,0.96675692,-0.04966715
5.81758399,11,1228.51216871,108.60525637,1173.09035138,108.06649133,-1.78439340,1.58543883,2.02796506,-0.25325482,-0.01600763,0.96529559,-0.06170595
5.88758386,11,1204.07484103,99.61052821,1147.61118193,99.13362985,-1.83693060,1.56020286,2.02045510,-0.25585863,-0.01888025,0.96360513,-0.07511488
5.94758411,11,1176.79441313,92.58769262,1119.41711902,92.17014395,-1.88880841,1.53016207,2.01793770,-0.25641646,-0.02100108,0.96196015,-0.09185672
6.54758412,28,1643.17851213,390.32433795,1599.77947937,390.41201146,-2.22294007,1.10481091,2.02023646,-0.23863216,-0.08056692,0.93988654,-0.23059451
9.02758411,27,1132.23763863,798.51979102,1106.83710688,798.30851508,-1.98514206,-1.18039867,1.95326615,-0.21193291,-0.19061310,0.69017729,-0.66513549
9.02758411,34,692.77532133,1050.75738377,664.19826940,1050.83126205,-1.98514206,-1.18039867,1.95326615,-0.21193291,-0.19061310,0.69017729,-0.66513549
9.02758411,39,708.16772967,794.66547390,683.03201492,794.30589697,-1.98514206,-1.18039867,1.95326615,-0.21193291,-0.19061310,0.69017729,-0.66513549
9.02758411,46,918.27024474,936.03956606,891.28125571,935.89015994,-1.98514206,-1.18039867,1.95326615,-0.21193291,-0.19061310,0.69017729,-0.66513549
9.02758411,49,814.32204275,796.96194995,789.12117088,796.57966209,-1.98514206,-1.18039867,1.95326615,-0.21193291,-0.19061310,0.69017729,-0.66513549
9.02758411,52,456.79506887,776.77141164,419.57979730,776.53186462,-1.98514206,-1.18039867,1.95326615,-0.21193291,-0.19061310,0.69017729,-0.66513549
9.16758386,27,1126.61306602,782.88714996,1100.35822022,782.66213651,-1.97891875,-1.29190120,1.96294584,-0.21709803,-0.18210025,0.68788297,-0.66822512
9.16758386,34,679.11051342,1048.65125007,649.65287054,1048.85736640,-1.97891875,-1.29190120,1.96294584,-0.21709803,-0.18210025,0.68788297,-0.66822512
9.16758386,46,909.38227600,926.32865047,881.47004364,926.22322018,-1.97891875,-1.29190120,1.96294584,-0.21709803,-0.18210025,0.68788297,-0.66822512
9.16758386,49,802.85706433,787.14890149,776.68763733,786.73289658,-1.97891875,-1.29190120,1.96294584,-0.21709803,-0.18210025,0.68788297,-0.66822512
9.29758399,34,675.50008587,1028.26020016,645.51158183,1028.12015693,-1.96827738,-1.40634746,1.97207367,-0.21303295,-0.17444140,0.68608853,-0.67340140
10.16758386,1,1858.64537767,563.67491951,1812.93564727,563.72561141,-1.59061896,-2.11774183,2.02368709,-0.15003294,-0.19403037,0.62349502,-0.74235659
12.37758399,13,1667.13588678,489.00799727,1623.05653959,488.82494318,0.47152996,-2.37471141,1.95146661,-0.02186557,-0.26836306,0.11490642,-0.95619015
12.44758386,13,1645.77438725,483.45288210,1601.27373977,483.21739303,0.52606607,-2.35892439,1.95018147,-0.02412924,-0.26938539,0.09992551,-0.95752734
13.24758386,13,1259.23515210,392.92612058,1212.71332549,392.09548581,1.13879503,-2.06481964,1.97090014,0.00936333,-0.26522593,-0.05281402,-0.96269210
13.24758386,33,1721.36117849,413.50445573,1674.88216386,413.51935294,1.13879503,-2.06481964,1.97090014,0.00936333,-0.26522593,-0.05281402,-0.96269210
13.31758399,33,1691.58653994,412.41147334,1644.75183407,412.29155496,1.18984662,-2.02671654,1.96649692,0.01844586,-0.26705184,-0.05988369,-0.96164149
13.38758411,13,1213.73666756,376.30089782,1166.41070276,376.00072234,1.23491043,-1.99252459,1.96420437,0.02570350,-0.26695156,-0.06465211,-0.96119432
13.38758411,31,1780.09112382,633.18803906,1734.59815075,633.53273720,1.23491043,-1.99252459,1.96420437,0.02570350,-0.26695156,-0.06465211,-0.96119432
13.44758386,13,1206.32678236,371.62782778,1158.17898772,371.11404647,1.28277614,-1.95447597,1.96647918,0.03219542,-0.26421668,-0.07284309,-0.96116871
13.44758386,31,1772.49045128,643.28613818,1726.22914092,643.15776992,1.28277614,-1.95447597,1.96647918,0.03219542,-0.26421668,-0.07284309,-0.96116871
13.58758412,13,1173.49247451,336.26788262,1123.85323302,335.67140172,1.37094724,-1.87675782,1.97827251,0.04214638,-0.25549430,-0.08823222,-0.96185184
13.58758412,31,1736.28698363,631.58030284,1689.58421114,631.45354843,1.37094724,-1.87675782,1.97827251,0.04214638,-0.25549430,-0.08823222,-0.96185184
13.65758399,13,1162.32303004,315.86820712,1111.71002041,315.17848545,1.41295427,-1.83739716,1.98265399,0.04503513,-0.25347491,-0.10067175,-0.96103420
13.65758399,33,1635.86044831,393.58366760,1586.86557320,393.31243442,1.41295427,-1.83739716,1.98265399,0.04503513,-0.25347491,-0.10067175,-0.96103420
13.71758399,33,1601.28044644,376.80858361,1552.21854014,376.27222704,1.45358149,-1.80132380,1.98383389,0.04933438,-0.25305638,-0.11003824,-0.95990508
13.78758411,13,1107.25186597,279.08849005,1055.53765857,278.50384354,1.49745648,-1.76461069,1.98167424,0.05086463,-0.25142379,-0.12085463,-0.95895342
13.78758411,31,1653.48736731,612.11406386,1606.25089078,612.02741365,1.49745648,-1.76461069,1.98167424,0.05086463,-0.25142379,-0.12085463,-0.95895342
13.78758411,33,1578.73412908,375.85802577,1529.71798743,375.77529596,1.49745648,-1.76461069,1.98167424,0.05086463,-0.25142379,-0.12085463,-0.95895342
13.85758399,33,1554.92858428,366.16641757,1505.59994716,365.73458114,1.55345593,-1.72068517,1.97401675,0.05498821,-0.25397662,-0.13184185,-0.95659795
13.91758399,13,1059.09743575,245.68804660,1005.61399500,245.30147656,1.59284583,-1.68993061,1.96898701,0.05443131,-0.25621529,-0.14232272,-0.95453192
13.91758399,31,1604.30299485,604.58454544,1556.60425139,604.73868732,1.59284583,-1.68993061,1.96898701,0.05443131,-0.25621529,-0.14232272,-0.95453192
13.91758399,33,1534.62248661,360.90461575,1485.10230798,360.71597227,1.59284583,-1.68993061,1.96898701,0.05443131,-0.25621529,-0.14232272,-0.95453192
14.05758399,33,1476.01256241,354.84654674,1425.46695551,354.41921655,1.67930338,-1.61152467,1.96578418,0.05618001,-0.25437173,-0.17144781,-0.95012590
14.32758386,20,1791.88592874,563.39641485,1754.16315161,563.62770122,1.82922233,-1.44087707,1.96306310,0.06260407,-0.25380335,-0.22241011,-0.93925159
14.32758386,31,1412.85721764,581.70733321,1363.74231500,581.81016237,1.82922233,-1.44087707,1.96306310,0.06260407,-0.25380335,-0.22241011,-0.93925159
14.32758386,33,1362.12249632,320.17181757,1310.43375853,319.72054952,1.82922233,-1.44087707,1.96306310,0.06260407,-0.25380335,-0.22241011,-0.93925159
14.45758399,31,1337.02673164,573.36822320,1287.52994941,573.13476747,1.89734831,-1.34525407,1.95541912,0.07483908,-0.25225181,-0.24243105,-0.93380559
14.45758399,33,1295.04092457,305.81248694,1242.13815032,305.57886558,1.89734831,-1.34525407,1.95541912,0.07483908,-0.25225181,-0.24243105,-0.93380559
14.58758412,31,1308.18650389,563.22330192,1257.07291108,562.91684013,1.96478059,-1.24382731,1.95725414,0.09069459,-0.24541541,-0.25830249,-0.92995934
14.58758412,33,1273.74759738,285.08486376,1219.30589112,284.31094263,1.96478059,-1.24382731,1.95725414,0.09069459,-0.24541541,-0.25830249,-0.92995934
14.65758399,31,1289.75954787,547.51158536,1238.16365586,546.97160341,1.99396241,-1.19738320,1.96264722,0.09491620,-0.24193866,-0.26487136,-0.92860034
14.65758399,33,1259.08445640,263.87607210,1203.24210053,263.16009985,1.99396241,-1.19738320,1.96264722,0.09491620,-0.24193866,-0.26487136,-0.92860034
14.72758386,31,1275.92363818,531.38305671,1223.42123222,530.99152732,2.02118305,-1.14854718,1.96910424,0.09386067,-0.23900157,-0.27908593,-0.92529781
14.72758386,33,1249.47268949,240.31784582,1193.11849567,239.60792688,2.02118305,-1.14854718,1.96910424,0.09386067,-0.23900157,-0.27908593,-0.92529781
14.92758386,33,1162.79476418,178.67927887,1103.91528940,178.20459144,2.09755591,-0.99442350,1.96855035,0.10048459,-0.23534156,-0.32085174,-0.91190408
16.53758399,32,1435.22962853,520.49324558,1393.31636154,520.17490333,2.07477246,0.45792568,1.94560243,0.18445370,-0.21347426,-0.63893541,-0.71565618
16.53758399,55,1530.60436814,705.66373755,1489.17257541,705.37040286,2.07477246,0.45792568,1.94560243,0.18445370,-0.21347426,-0.63893541,-0.71565618
16.79758399,32,1345.44188928,496.95113312,1301.70591673,496.70236789,1.99753984,0.70030597,1.94017587,0.19360895,-0.20801735,-0.66918046,-0.68661550
16.79758399,55,1428.73683726,693.10528577,1385.89131065,692.74825436,1.99753984,0.70030597,1.94017587,0.19360895,-0.20801735,-0.66918046,-0.68661550
16.86758411,32,1334.53094045,489.79168944,1290.11891781,489.40224358,1.97884792,0.76205035,1.94341197,0.19662783,-0.20264388,-0.67383887,-0.68279804
16.86758411,55,1416.34015742,689.94073578,1372.96812706,690.07717916,1.97884792,0.76205035,1.94341197,0.19662783,-0.20264388,-0.67383887,-0.68279804
16.93758399,32,1325.93318142,480.43986448,1280.71387350,480.03307914,1.96105420,0.82247440,1.95005007,0.19906448,-0.19500074,-0.67429244,-0.68386887
16.93758399,55,1406.91344613,683.84938195,1363.20124786,683.47940799,1.96105420,0.82247440,1.95005007,0.19906448,-0.19500074,-0.67429244,-0.68386887
16.99758399,32,1327.55258555,460.56764760,1282.32052673,459.63188730,1.94334087,0.88240653,1.95843426,0.19953905,-0.18791976,-0.67591638,-0.68411028
16.99758399,55,1409.28669179,668.48778467,1365.17548222,668.21796217,1.94334087,0.88240653,1.95843426,0.19953905,-0.18791976,-0.67591638,-0.68411028
17.20758386,32,1332.26190707,401.80142894,1284.42296369,401.47273556,1.89660948,1.04943988,1.97506183,0.19752857,-0.17697562,-0.68450864,-0.67905036
17.20758386,55,1407.19612055,624.54813545,1360.82938187,624.28451858,1.89660948,1.04943988,1.97506183,0.19752857,-0.17697562,-0.68450864,-0.67905036
17.33758399,55,1386.37028571,590.47391971,1338.75163479,590.01449758,1.85877127,1.16969779,1.97330846,0.19718333,-0.17352398,-0.69694461,-0.66729032
17.46758412,55,1346.22990445,570.16280521,1297.22946715,569.93734404,1.81133011,1.28582378,1.97495522,0.20180629,-0.16721024,-0.70937753,-0.65428916
17.66758412,55,1271.99768107,538.29919196,1220.92741328,537.75405720,1.72195803,1.45700137,1.97259497,0.21119929,-0.16945866,-0.72762899,-0.63026080
17.93758399,32,1116.92635139,239.83064285,1059.51560098,239.32966544,1.56264761,1.66443274,1.94807308,0.22783411,-0.15857343,-0.75214494,-0.59768077
17.93758399,55,1175.25171556,520.93019827,1120.37401718,520.34307866,1.56264761,1.66443274,1.94807308,0.22783411,-0.15857343,-0.75214494,-0.59768077
21.01758399,36,1570.05295976,1026.06453523,1535.10937524,1025.92640711,-1.17230667,1.91765588,1.90773484,0.30302602,0.00766689,-0.95284856,0.01399025
21.01758399,40,1265.84367600,885.90596635,1225.74126027,885.67573447,-1.17230667,1.91765588,1.90773484,0.30302602,0.00766689,-0.95284856,0.01399025
21.28758386,54,988.64326990,538.66269025,943.94383486,538.32805364,-1.36236774,1.81296616,1.90242068,0.30290092,0.02493524,-0.95128488,0.05180535
22.62758412,47,1667.30867589,682.46584876,1628.11947077,682.56157466,-2.08680196,0.90621464,1.91138987,0.26480638,0.13346645,-0.90287535,0.31125130
22.82758412,28,1276.01251979,545.89625152,1234.43966278,545.86437368,-2.13147064,0.72956064,1.91024734,0.26315147,0.13944638,-0.88621250,0.35486002
23.76758386,27,1441.81667003,871.04678035,1417.61389604,871.03202302,-1.98008955,-0.13910135,1.94269724,0.21981209,0.18195083,-0.77092270,0.56943369
24.70758411,1,1874.24487797,746.87388973,1835.74720584,747.04602658,-1.76561978,-0.99339180,1.94524983,0.19984833,0.19548663,-0.68465383,0.67311947
24.76758386,1,1865.92269240,750.13525023,1827.61076062,750.39790114,-1.74313592,-1.05432831,1.94559310,0.19393183,0.19987176,-0.68339636,0.67484094
24.76758386,27,1072.13831005,804.95911984,1046.79602386,804.62448181,-1.74313592,-1.05432831,1.94559310,0.19393183,0.19987176,-0.68339636,0.67484094
24.76758386,34,629.58316253,1043.45906804,601.04879962,1043.47489569,-1.74313592,-1.05432831,1.94559310,0.19393183,0.19987176,-0.68339636,0.67484094
24.76758386,39,658.16043603,794.01356174,633.08446738,793.69437254,-1.74313592,-1.05432831,1.94559310,0.19393183,0.19987176,-0.68339636,0.67484094
24.76758386,46,856.05004506,935.50108754,829.20383857,935.12732545,-1.74313592,-1.05432831,1.94559310,0.19393183,0.19987176,-0.68339636,0.67484094
24.76758386,49,761.62232711,798.08938145,736.73577563,797.57647236,-1.74313592,-1.05432831,1.94559310,0.19393183,0.19987176,-0.68339636,0.67484094
24.83758399,1,1873.68660718,754.39363243,1834.69134834,754.44177076,-1.72163120,-1.11824257,1.94916667,0.19268700,0.20149805,-0.67867588,0.67946222
24.83758399,27,1066.72136424,797.48802448,1041.11248768,797.05768164,-1.72163120,-1.11824257,1.94916667,0.19268700,0.20149805,-0.67867588,0.67946222
24.90758411,1,1858.89630431,750.63075215,1818.90346024,750.65470064,-1.70459388,-1.17865649,1.95277675,0.19359127,0.20125864,-0.67550053,0.68243400
25.10758412,1,1836.38503159,720.96425309,1795.69358883,720.73471294,-1.66948869,-1.36386191,1.94917339,0.19941462,0.20164868,-0.66568846,0.69023926
25.10758412,22,733.59861869,285.48055745,684.10708471,285.10169739,-1.66948869,-1.36386191,1.94917339,0.19941462,0.20164868,-0.66568846,0.69023926
25.23758399,1,1827.91415636,707.41597365,1786.86351867,707.29373921,-1.64732398,-1.49346830,1.93938887,0.20116656,0.20026160,-0.65641555,0.69895939
25.23758399,27,990.25304942,769.03231404,963.20818064,768.88348230,-1.64732398,-1.49346830,1.93938887,0.20116656,0.20026160,-0.65641555,0.69895939
25.23758399,34,493.17146249,1021.89871516,461.75693234,1022.21665931,-1.64732398,-1.49346830,1.93938887,0.20116656,0.20026160,-0.65641555,0.69895939
25.23758399,39,541.02224587,747.84184284,513.54629193,747.60321532,-1.64732398,-1.49346830,1.93938887,0.20116656,0.20026160,-0.65641555,0.69895939
25.23758399,46,751.32349370,904.96798474,722.18220520,904.83068574,-1.64732398,-1.49346830,1.93938887,0.20116656,0.20026160,-0.65641555,0.69895939
25.23758399,49,654.79521978,754.63809815,627.53586363,754.30952063,-1.64732398,-1.49346830,1.93938887,0.20116656,0.20026160,-0.65641555,0.69895939
25.30758412,1,1823.14954125,705.14524840,1781.12950088,704.96219100,-1.62839885,-1.56825603,1.93619656,0.20220841,0.20044536,-0.64882510,0.70566211
25.30758412,22,678.60829839,235.05453713,625.54697702,234.71594975,-1.62839885,-1.56825603,1.93619656,0.20220841,0.20044536,-0.64882510,0.70566211
25.37758399,1,1804.76811055,695.75555850,1762.79654596,695.63432806,-1.60759276,-1.62625664,1.93531209,0.20228264,0.20363256,-0.64012344,0.71263552
25.37758399,27,955.81623475,767.69747895,928.26120411,766.47787038,-1.60759276,-1.62625664,1.93531209,0.20228264,0.20363256,-0.64012344,0.71263552
25.50758412,1,1750.03173923,695.12633945,1707.67371659,695.00597821,-1.55564122,-1.73777549,1.93381642,0.19707194,0.21023194,-0.62821236,0.72271263
25.50758412,45,1218.90122495,1006.82959726,1187.97338392,1006.59683673,-1.55564122,-1.73777549,1.93381642,0.19707194,0.21023194,-0.62821236,0.72271263
25.57758399,1,1740.57236814,694.40903892,1697.98683236,694.57266077,-1.52502176,-1.79082585,1.93049070,0.19414247,0.21642753,-0.62173852,0.72725936
25.57758399,2,1306.63566579,576.74497282,1270.33205967,576.64918740,-1.52502176,-1.79082585,1.93049070,0.19414247,0.21642753,-0.62173852,0.72725936
25.64758386,1,1727.98555194,705.86142048,1684.60250575,705.87783036,-1.48470390,-1.85217317,1.92370798,0.18944818,0.22201962,-0.61290972,0.73427088
25.77758399,1,1686.74723300,717.97509189,1643.12554018,718.16324773,-1.41022761,-1.95584287,1.91070951,0.17865645,0.23499969,-0.60156887,0.74227378
25.77758399,2,1254.43506022,578.09439361,1216.87357600,578.06268844,-1.41022761,-1.95584287,1.91070951,0.17865645,0.23499969,-0.60156887,0.74227378
25.84758386,1,1675.95351497,727.22878718,1631.41065803,727.43660674,-1.36985722,-2.00839038,1.91029926,0.17424830,0.23864996,-0.59487895,0.74753005
25.84758386,2,1242.89485498,577.87505639,1204.86331899,577.66189472,-1.36985722,-2.00839038,1.91029926,0.17424830,0.23864996,-0.59487895,0.74753005
25.90758411,1,1651.03113377,729.80613700,1606.19927066,730.03450037,-1.33076157,-2.05693668,1.91507302,0.16722413,0.24046544,-0.58919716,0.75303210
25.97758399,1,1635.18781614,722.24015058,1590.10805751,721.86486791,-1.30944298,-2.08287076,1.91996673,0.16154088,0.23982584,-0.58656831,0.75652189
26.10758412,1,1577.28079762,693.53842333,1531.95208215,693.22080411,-1.26679897,-2.12699821,1.92572007,0.15811262,0.24054343,-0.58448954,0.75861999
28.58758411,13,1288.61775000,480.54824094,1244.06263378,480.12809382,0.95012631,-2.09538585,1.92635156,0.00063892,0.27959548,0.02770391,0.95971590
28.58758411,31,1870.00748953,692.29900205,1825.16072156,692.19274537,0.95012631,-2.09538585,1.92635156,0.00063892,0.27959548,0.02770391,0.95971590
28.58758411,33,1746.60168092,489.83720050,1701.34608483,489.73651642,0.95012631,-2.09538585,1.92635156,0.00063892,0.27959548,0.02770391,0.95971590
28.65758399,33,1720.98404719,485.38062455,1675.35148269,485.40982131,1.00656421,-2.07584706,1.92736039,-0.00490887,0.27841173,0.03648827,0.95975467
28.72758386,13,1242.53506865,460.29395839,1197.16129518,459.77982126,1.06209745,-2.05349515,1.93058452,-0.01090810,0.27791702,0.04790237,0.95934539
28.72758386,31,1815.06732941,686.05964638,1770.47697482,685.87271536,1.06209745,-2.05349515,1.93058452,-0.01090810,0.27791702,0.04790237,0.95934539
28.92758386,13,1167.01311777,418.65031081,1120.32821664,418.15934570,1.22323783,-1.98347382,1.93386357,-0.01411979,0.28143207,0.08314550,0.95586708
28.92758386,31,1718.75907036,670.47048437,1674.14941268,670.21911397,1.22323783,-1.98347382,1.93386357,-0.01411979,0.28143207,0.08314550,0.95586708
29.05758399,13,1135.06466203,405.91104290,1086.49858368,405.65368448,1.33384012,-1.93370810,1.92155136,-0.01776495,0.28523402,0.10088865,0.95296705
29.05758399,31,1686.32928951,674.92326226,1641.02645722,674.78826688,1.33384012,-1.93370810,1.92155136,-0.01776495,0.28523402,0.10088865,0.95296705
29.05758399,33,1587.79555436,457.79317574,1541.47221436,457.67052877,1.33384012,-1.93370810,1.92155136,-0.01776495,0.28523402,0.10088865,0.95296705
29.12758386,31,1664.72682713,673.08445423,1619.04894253,672.95427332,1.39157112,-1.90580745,1.91288432,-0.02347715,0.28664431,0.10560463,0.95190896
29.12758386,33,1568.92240600,453.53929520,1522.08957318,453.34448051,1.39157112,-1.90580745,1.91288432,-0.02347715,0.28664431,0.10560463,0.95190896
29.19758399,13,1102.03841571,388.02913415,1051.92509777,387.69707263,1.45198325,-1.87632889,1.90671210,-0.02925298,0.28708074,0.10924832,0.95120622
29.19758399,31,1661.97308883,678.64529336,1616.09578672,678.75503250,1.45198325,-1.87632889,1.90671210,-0.02925298,0.28708074,0.10924832,0.95120622
29.32758386,13,1094.00155890,362.80418458,1041.82931881,362.21232561,1.57098570,-1.81904595,1.90828951,-0.03800020,0.28533562,0.11501246,0.95074234
29.32758386,31,1666.78258442,680.60873336,1619.30301591,680.45937617,1.57098570,-1.81904595,1.90828951,-0.03800020,0.28533562,0.11501246,0.95074234
29.39758399,13,1093.39738224,346.09457889,1040.12795844,345.59681151,1.63597299,-1.78859642,1.91286202,-0.03557744,0.27947185,0.12278668,0.95160554
29.39758399,31,1672.31630378,678.17888320,1623.60651203,677.87632997,1.63597299,-1.78859642,1.91286202,-0.03557744,0.27947185,0.12278668,0.95160554
29.45758399,31,1657.29483770,660.97824561,1607.81795201,660.34355047,1.68015086,-1.76943090,1.91456961,-0.03954925,0.27992298,0.12443363,0.95110181
29.79758399,31,1634.25153282,605.44798673,1581.77994075,605.05002939,1.94805530,-1.65185797,1.91969532,-0.03547999,0.27995009,0.15994042,0.94593076
29.86758411,31,1619.58997090,590.65682981,1567.26834192,590.27692962,1.99243735,-1.61579389,1.92494150,-0.03622323,0.27786316,0.17749026,0.94338396
29.99758399,31,1543.93681031,566.23131633,1491.72108984,565.93141656,2.07024425,-1.53542980,1.92799942,-0.04801954,0.27514931,0.19410550,0.94037666
29.99758399,33,1471.25349292,292.43629375,1416.40614888,291.64979235,2.07024425,-1.53542980,1.92799942,-0.04801954,0.27514931,0.19410550,0.94037666
30.12758386,33,1451.51576936,281.12887488,1394.09769606,280.56084603,2.14250508,-1.43586127,1.91907994,-0.05806878,0.27879806,0.22313028,0.93226069
30.19758399,33,1415.95241995,277.05157446,1358.35344366,276.56344700,2.17568163,-1.38245777,1.91113263,-0.06500174,0.27951432,0.23344591,0.92905765
30.26758411,31,1439.77692858,572.37533857,1384.97003287,572.62445997,2.20792350,-1.32436226,1.90326214,-0.07241236,0.28016240,0.24444113,0.92547965
30.26758411,33,1388.53920362,273.72018097,1330.57210532,273.17455956,2.20792350,-1.32436226,1.90326214,-0.07241236,0.28016240,0.24444113,0.92547965
30.32758386,33,1367.69563211,268.40138984,1308.75919188,267.97488580,2.23690249,-1.26425560,1.89833487,-0.08219100,0.27900049,0.25675755,0.92167077
30.46758412,33,1319.00762338,250.58769157,1257.96572504,250.30453676,2.28098802,-1.14701702,1.89354962,-0.09329928,0.27776507,0.28522366,0.91257048
30.59758399,33,1243.90280929,224.35896987,1181.56945820,223.89876247,2.31688663,-1.03635232,1.89156395,-0.10244267,0.27974794,0.31160464,0.90229877
30.66758412,33,1216.82455216,218.77446450,1153.07603568,218.15115694,2.33291707,-0.97732202,1.89192295,-0.10327979,0.27794564,0.32877099,0.89665340
32.54758411,32,1278.45905892,598.84134853,1234.92456386,598.47895743,1.98358935,0.66333073,1.87448984,-0.21805362,0.22614157,0.68194130,0.66050591
32.54758411,55,1358.27027208,795.78613516,1315.56866918,795.46526284,1.98358935,0.66333073,1.87448984,-0.21805362,0.22614157,0.68194130,0.66050591
32.67758399,32,1248.38328810,581.24405100,1203.58041999,580.84603642,1.94995204,0.77411296,1.88440710,-0.21601132,0.21972794,0.69132413,0.65355147
32.67758399,55,1326.17699249,783.52290101,1282.39665413,782.88844712,1.94995204,0.77411296,1.88440710,-0.21601132,0.21972794,0.69132413,0.65355147
32.80758386,32,1238.52062069,543.12236073,1193.26686883,543.02721113,1.91690120,0.88318635,1.88767588,-0.21969557,0.21385138,0.69953096,0.64548869
32.80758386,55,1317.76029289,754.73717490,1273.47224777,754.74357930,1.91690120,0.88318635,1.88767588,-0.21969557,0.21385138,0.69953096,0.64548869
32.94758411,32,1210.76065599,525.41001180,1163.84075165,525.12558805,1.88373110,0.99534715,1.87928371,-0.22703377,0.21029337,0.70394394,0.63929208
32.94758411,55,1286.22033462,743.65714292,1240.78847356,743.45908414,1.88373110,0.99534715,1.87928371,-0.22703377,0.21029337,0.70394394,0.63929208
33.14758412,32,1177.87907234,498.16453014,1128.54415169,497.96036716,1.82391214,1.16955499,1.87409125,-0.23574146,0.20410962,0.72094469,0.61887067
33.14758412,55,1249.29572168,730.08998609,1201.46375242,729.67755946,1.82391214,1.16955499,1.87409125,-0.23574146,0.20410962,0.72094469,0.61887067
33.21758399,32,1172.48666866,487.30220903,1122.37701098,486.62627141,1.80200912,1.22350092,1.87569699,-0.23693701,0.20204437,0.72700874,0.61196084
33.27758399,55,1212.67122410,716.12828000,1163.13390856,715.61323627,1.77956808,1.28028097,1.87648288,-0.23760075,0.20141323,0.73169395,0.60630193
33.41758399,32,1123.82921309,446.94737939,1071.70423507,446.52138473,1.73404302,1.38424237,1.87265931,-0.24139448,0.20081347,0.73899647,0.59605813
33.41758399,55,1190.21124994,699.13216660,1139.51287075,698.92534570,1.73404302,1.38424237,1.87265931,-0.24139448,0.20081347,0.73899647,0.59605813
33.54758411,55,1156.08348679,682.56516931,1103.41398193,682.09356277,1.67438661,1.48937056,1.86486381,-0.24824185,0.19174655,0.74437988,0.58949680
33.61758399,32,1090.46540237,405.47182039,1035.14412489,404.93471503,1.63676402,1.54525566,1.86584734,-0.24900818,0.18548304,0.74939088,0.58481059
33.61758399,55,1152.07107302,673.27159190,1098.58006439,672.81022044,1.63676402,1.54525566,1.86584734,-0.24900818,0.18548304,0.74939088,0.58481059
33.81758399,55,1110.44098844,623.33779848,1053.65595363,622.77569878,1.52251983,1.68509853,1.87876845,-0.25833291,0.17100915,0.76476098,0.56494146
35.82758412,15,1783.41226172,56.67050794,1709.04934773,56.69312960,-0.15939705,2.25709238,1.80205288,-0.34158254,0.05157401,0.92046306,0.18277839
35.82758412,54,1594.33218057,807.68679335,1555.69524636,808.16385115,-0.15939705,2.25709238,1.80205288,-0.34158254,0.05157401,0.92046306,0.18277839
36.96758386,11,1331.70627996,582.06142084,1285.67199764,581.85292677,-1.12888750,1.98080495,1.81485391,-0.34146271,-0.01119322,0.93957890,-0.02162387
36.96758386,54,1070.66840778,704.51405159,1027.99037427,704.26859289,-1.12888750,1.98080495,1.81485391,-0.34146271,-0.01119322,0.93957890,-0.02162387
38.10758412,28,1675.41336901,673.76210425,1633.75107013,673.84810114,-1.93824728,1.37215967,1.85449000,-0.30861483,-0.09339706,0.92439200,-0.20378957
39.84758386,27,1377.53667566,991.13786138,1352.80679413,991.04025707,-2.02180773,-0.19834482,1.83516525,-0.26037513,-0.20201692,0.73760207,-0.58934939
39.84758386,47,785.63038594,660.11922108,742.49060817,659.20659901,-2.02180773,-0.19834482,1.83516525,-0.26037513,-0.20201692,0.73760207,-0.58934939
40.57758399,1,1839.59225634,918.58510947,1801.84634506,919.08608168,-1.79136442,-0.84100535,1.84890805,-0.21957197,-0.23896368,0.66644942,-0.67121389
40.57758399,27,1057.98327315,936.28213570,1032.27458028,936.07070718,-1.79136442,-0.84100535,1.84890805,-0.21957197,-0.23896368,0.66644942,-0.67121389
40.77758399,1,1795.75082750,916.83535228,1757.41688306,916.88726009,-1.76240558,-1.01658947,1.83101677,-0.22822746,-0.23741589,0.65021530,-0.68466409
40.77758399,22,758.67976400,512.83871133,713.07913561,512.45389357,-1.76240558,-1.01658947,1.83101677,-0.22822746,-0.23741589,0.65021530,-0.68466409
40.77758399,27,1005.91913069,937.35535382,979.86420673,937.39863054,-1.76240558,-1.01658947,1.83101677,-0.22822746,-0.23741589,0.65021530,-0.68466409
40.84758386,1,1789.40218775,915.56990610,1750.45714435,915.52774657,-1.75317344,-1.08745940,1.82244256,-0.23230355,-0.23888713,0.64472231,-0.68796884
40.84758386,22,742.07857996,504.65417783,695.36414930,504.31306659,-1.75317344,-1.08745940,1.82244256,-0.23230355,-0.23888713,0.64472231,-0.68796884
40.91758399,1,1780.00871407,913.81569174,1740.84868012,913.89292991,-1.74181370,-1.14551075,1.81870216,-0.23079180,-0.24301641,0.64071496,-0.69076925
40.91758399,22,719.83780306,498.58983844,672.18779746,498.30555980,-1.74181370,-1.14551075,1.81870216,-0.23079180,-0.24301641,0.64071496,-0.69076925
40.91758399,27,977.91684457,946.18111226,950.91619410,945.97469161,-1.74181370,-1.14551075,1.81870216,-0.23079180,-0.24301641,0.64071496,-0.69076925
40.98758411,1,1778.69528893,919.96468829,1739.09285347,920.44079129,-1.72536908,-1.20750884,1.81820855,-0.23117624,-0.24483139,0.63206000,-0.69793521
41.18758411,1,1733.88308371,911.90186113,1693.37106085,912.04155376,-1.66722079,-1.37535633,1.81414400,-0.22997787,-0.25118986,0.61723419,-0.70924899
41.18758411,22,641.68967121,430.04061117,589.99538234,429.74727737,-1.66722079,-1.37535633,1.81414400,-0.22997787,-0.25118986,0.61723419,-0.70924899
41.24758386,1,1722.24240929,920.46449914,1681.03265686,920.53139158,-1.64207578,-1.43100466,1.81063238,-0.22849864,-0.25270333,0.61007199,-0.71535960
41.24758386,22,619.90777183,420.15496417,567.29444138,419.84208916,-1.64207578,-1.43100466,1.81063238,-0.22849864,-0.25270333,0.61007199,-0.71535960
41.31758399,1,1695.93798052,916.53951698,1654.59581178,916.38795929,-1.61579019,-1.48927094,1.80704486,-0.22636939,-0.25341008,0.60510887,-0.71998825
41.51758399,1,1693.83586247,904.79541951,1651.29628759,904.29734310,-1.54767902,-1.65692120,1.81442906,-0.21381161,-0.25837798,0.60488201,-0.72224834
41.51758399,27,834.34404874,915.09212310,804.88184440,914.63331371,-1.54767902,-1.65692120,1.81442906,-0.21381161,-0.25837798,0.60488201,-0.72224834
41.58758411,1,1694.84794762,891.94623595,1652.56151885,891.63025958,-1.52859031,-1.71112330,1.82029568,-0.20982721,-0.25953538,0.60616629,-0.72192543
41.58758411,27,828.14268241,902.07167047,799.10289156,901.62653123,-1.52859031,-1.71112330,1.82029568,-0.20982721,-0.25953538,0.60616629,-0.72192543
41.58758411,46,540.45966541,1043.75533657,506.85652028,1043.65637088,-1.52859031,-1.71112330,1.82029568,-0.20982721,-0.25953538,0.60616629,-0.72192543
41.65758399,1,1707.83352109,882.02954789,1664.44059630,881.51965725,-1.51262006,-1.76162358,1.82449769,-0.20884099,-0.26034348,0.60583113,-0.72220162
41.65758399,27,829.99731169,888.00898596,800.23743411,887.48901016,-1.51262006,-1.76162358,1.82449769,-0.20884099,-0.26034348,0.60583113,-0.72220162
41.65758399,46,537.54972627,1027.36445999,503.50461782,1027.73712363,-1.51262006,-1.76162358,1.82449769,-0.20884099,-0.26034348,0.60583113,-0.72220162
41.65758399,49,451.13830298,844.14328305,419.94202990,843.95060584,-1.51262006,-1.76162358,1.82449769,-0.20884099,-0.26034348,0.60583113,-0.72220162
41.78758412,1,1727.94690322,867.71863586,1683.80894010,867.31828183,-1.47761069,-1.87665130,1.82542871,-0.20315609,-0.25940727,0.60680343,-0.72334296
41.78758412,27,827.60980851,872.53853560,797.53764090,872.09938141,-1.47761069,-1.87665130,1.82542871,-0.20315609,-0.25940727,0.60680343,-0.72334296
41.78758412,39,305.13985231,805.73791022,272.68193855,805.72366954,-1.47761069,-1.87665130,1.82542871,-0.20315609,-0.25940727,0.60680343,-0.72334296
41.78758412,46,529.98311610,1010.13409433,495.94284468,1010.14863754,-1.47761069,-1.87665130,1.82542871,-0.20315609,-0.25940727,0.60680343,-0.72334296
41.78758412,49,442.55917409,824.16637607,411.25418919,823.95012092,-1.47761069,-1.87665130,1.82542871,-0.20315609,-0.25940727,0.60680343,-0.72334296
41.91758399,1,1736.52914843,850.95201951,1690.75482128,850.82368338,-1.43998348,-1.97481788,1.81878591,-0.20271010,-0.26301773,0.59846165,-0.72909035
41.91758399,2,1275.10751507,691.50363304,1236.75942029,691.20697080,-1.43998348,-1.97481788,1.81878591,-0.20271010,-0.26301773,0.59846165,-0.72909035
41.91758399,27,815.46637040,854.63979633,784.63684926,854.37367162,-1.43998348,-1.97481788,1.81878591,-0.20271010,-0.26301773,0.59846165,-0.72909035
41.91758399,46,507.47017087,993.08412900,472.28572190,993.01673673,-1.43998348,-1.97481788,1.81878591,-0.20271010,-0.26301773,0.59846165,-0.72909035
42.05758399,1,1714.35980292,843.52432813,1667.61400553,843.08296907,-1.38417920,-2.07545618,1.82239728,-0.19363830,-0.26929050,0.58823578,-0.73753699
42.25758399,1,1635.11940343,809.50391038,1588.01671810,809.06047632,-1.27751260,-2.20379787,1.84292067,-0.18545654,-0.26467703,0.56223487,-0.76121042
42.85758399,21,1769.34184159,538.28506387,1720.16276320,538.40284483,-0.82506364,-2.49915412,1.87160116,-0.14366948,-0.27553055,0.46802452,-0.82728063
44.73758399,14,1749.75522466,97.53065322,1677.76858917,97.75682047,0.84350187,-2.22978361,1.78473888,-0.00116096,-0.33994371,-0.00107295,-0.94044327
44.79758399,14,1734.34831146,97.30783550,1661.30346421,97.53569218,0.90474454,-2.20072338,1.78052324,0.00297669,-0.34185089,-0.01389651,-0.93964520
44.86758411,14,1715.84202384,89.65074306,1641.69152616,89.66194385,0.96399764,-2.17494954,1.78122435,0.00663457,-0.34219699,-0.02304756,-0.93931919
44.86758411,33,1809.03010488,674.64538024,1761.42376963,674.46443433,0.96399764,-2.17494954,1.78122435,0.00663457,-0.34219699,-0.02304756,-0.93931919
45.13758399,13,1258.54872033,623.56018014,1210.42171750,623.16241026,1.16238905,-2.10513752,1.78505504,0.01339027,-0.34067069,-0.05480257,-0.93848849
45.13758399,18,564.25273035,259.43080022,498.19117138,258.97039407,1.16238905,-2.10513752,1.78505504,0.01339027,-0.34067069,-0.05480257,-0.93848849
45.13758399,31,1870.81881343,879.43573999,1822.45491089,879.01199305,1.16238905,-2.10513752,1.78505504,0.01339027,-0.34067069,-0.05480257,-0.93848849
45.13758399,33,1734.02024115,655.09767457,1685.89333890,655.02218861,1.16238905,-2.10513752,1.78505504,0.01339027,-0.34067069,-0.05480257,-0.93848849
45.20758386,13,1239.57232001,609.60224157,1191.25858297,608.96729445,1.21314153,-2.09273977,1.78415608,0.01631516,-0.34039382,-0.05992732,-0.93822913
45.20758386,31,1851.56922498,866.83431810,1803.87439213,866.71695069,1.21314153,-2.09273977,1.78415608,0.01631516,-0.34039382,-0.05992732,-0.93822913
45.26758411,13,1234.90119145,597.88501423,1185.95551012,597.47454277,1.26495890,-2.07965371,1.78517477,0.01518468,-0.34013292,-0.06938798,-0.93769021
45.26758411,18,510.08110466,199.95832254,440.85995230,199.25731156,1.26495890,-2.07965371,1.78517477,0.01518468,-0.34013292,-0.06938798,-0.93769021
45.26758411,31,1849.80401631,863.26096305,1801.59584533,863.19229353,1.26495890,-2.07965371,1.78517477,0.01518468,-0.34013292,-0.06938798,-0.93769021
45.53758399,13,1171.48024499,532.61953847,1120.05969946,531.76654959,1.46143194,-2.00437434,1.80045589,0.03243191,-0.33025684,-0.09594583,-0.93844131
45.53758399,31,1770.84682140,826.63903705,1723.05337919,826.50346515,1.46143194,-2.00437434,1.80045589,0.03243191,-0.33025684,-0.09594583,-0.93844131
45.53758399,33,1647.17711304,591.94775159,1598.53372418,591.57804479,1.46143194,-2.00437434,1.80045589,0.03243191,-0.33025684,-0.09594583,-0.93844131
45.60758386,13,1179.26861010,517.39682386,1127.22272256,516.95720931,1.51222266,-1.97968366,1.79874499,0.03520242,-0.33448753,-0.10622479,-0.93573177
45.60758386,31,1780.89413373,830.95064510,1731.07025257,831.08692190,1.51222266,-1.97968366,1.79874499,0.03520242,-0.33448753,-0.10622479,-0.93573177
45.66758411,13,1160.78070048,514.16014906,1107.57154776,513.91535243,1.56316016,-1.95226009,1.79518510,0.03937425,-0.33503213,-0.11415301,-0.93443675
45.66758411,31,1756.75741401,834.86835217,1706.66141965,834.67850859,1.56316016,-1.95226009,1.79518510,0.03937425,-0.33503213,-0.11415301,-0.93443675
45.66758411,33,1644.48973033,590.31741917,1593.94309358,590.20335465,1.56316016,-1.95226009,1.79518510,0.03937425,-0.33503213,-0.11415301,-0.93443675
45.73758399,13,1143.04832355,503.85375219,1089.34269792,503.47509077,1.60644140,-1.92635373,1.79170657,0.04192950,-0.33332864,-0.11960754,-0.93425230
45.73758399,31,1741.23131859,833.44136752,1690.89885757,833.18367808,1.60644140,-1.92635373,1.79170657,0.04192950,-0.33332864,-0.11960754,-0.93425230
45.93758399,13,1105.82888020,460.97845116,1049.30190585,460.38266032,1.74413613,-1.82234913,1.79120679,0.05720636,-0.32597256,-0.13692082,-0.93365938
45.93758399,31,1707.15750262,829.09408685,1655.34951934,828.79661678,1.74413613,-1.82234913,1.79120679,0.05720636,-0.32597256,-0.13692082,-0.93365938
46.00758386,13,1095.13305231,437.73078769,1037.66961659,437.26604318,1.78305148,-1.78523435,1.79528944,0.06327787,-0.32430030,-0.14542386,-0.93256391
46.00758386,31,1692.70699306,824.17316584,1640.13604592,823.93147831,1.78305148,-1.78523435,1.79528944,0.06327787,-0.32430030,-0.14542386,-0.93256391
46.00758386,33,1596.73082017,559.27305832,1543.74074890,559.05241445,1.78305148,-1.78523435,1.79528944,0.06327787,-0.32430030,-0.14542386,-0.93256391
46.07758399,13,1079.02485537,419.33817557,1020.74592530,418.72508576,1.82255499,-1.74564202,1.79962162,0.06753521,-0.32189019,-0.15583663,-0.93141802
46.07758399,31,1671.25658860,819.68492646,1617.77909237,818.93448048,1.82255499,-1.74564202,1.79962162,0.06753521,-0.32189019,-0.15583663,-0.93141802
46.07758399,33,1583.07142129,554.05443410,1529.89839218,553.60073737,1.82255499,-1.74564202,1.79962162,0.06753521,-0.32189019,-0.15583663,-0.93141802
46.13758399,31,1638.90333997,801.25773702,1586.14713363,801.19957728,1.85851787,-1.71007655,1.80198731,0.07327543,-0.32001100,-0.16178504,-0.93061740
46.13758399,33,1555.90703962,533.89356707,1502.32988340,533.11018185,1.85851787,-1.71007655,1.80198731,0.07327543,-0.32001100,-0.16178504,-0.93061740
46.20758386,13,1040.14411078,370.92036794,980.16749194,370.42572196,1.90039239,-1.66903190,1.80355768,0.07210132,-0.31976493,-0.17505089,-0.92838929
46.20758386,31,1629.45184245,805.64405546,1575.82067654,804.94298819,1.90039239,-1.66903190,1.80355768,0.07210132,-0.31976493,-0.17505089,-0.92838929
46.87758399,33,1258.78533257,434.08176274,1199.95161114,433.34352780,2.18070865,-1.20281566,1.78476205,0.12245179,-0.31443203,-0.30255312,-0.89140223
47.00758386,33,1191.23724839,417.81488535,1130.40871385,417.40523177,2.22374652,-1.08237765,1.77424142,0.14535473,-0.30669882,-0.32914744,-0.88117202
47.14758412,20,1501.16476389,789.85944694,1461.51328903,789.81563364,2.25917064,-0.96965145,1.77612018,0.15790879,-0.29859080,-0.34892580,-0.87416086
47.14758412,31,1148.72905591,716.64790696,1088.40789136,716.40915025,2.25917064,-0.96965145,1.77612018,0.15790879,-0.29859080,-0.34892580,-0.87416086
47.14758412,33,1146.85869704,386.00270361,1084.48503413,385.48604530,2.25917064,-0.96965145,1.77612018,0.15790879,-0.29859080,-0.34892580,-0.87416086
47.34758411,33,1068.09393929,321.07314010,1002.98057191,320.72972679,2.30158094,-0.81388001,1.78392172,0.16387514,-0.29543730,-0.38467242,-0.85900306
48.14758412,5,1749.21421025,82.80365557,1674.52596411,82.81132143,2.24494180,-0.10806562,1.78974309,0.20904720,-0.27466692,-0.54764309,-0.76219573
49.01758399,8,1747.94219397,155.58594637,1678.22370805,155.78146794,1.99023664,0.62183605,1.77977631,0.24857993,-0.24591543,-0.67598651,-0.64867012
49.08758386,8,1737.20556725,157.73743112,1666.21355364,157.96513624,1.96521687,0.67521806,1.77064083,0.25235826,-0.24515022,-0.68220102,-0.64095005
49.22758411,8,1701.40523630,144.25083776,1629.30199358,144.25077220,1.91030669,0.79445851,1.76237153,0.26346992,-0.23667928,-0.69086609,-0.63029234
49.22758411,32,1222.43012414,714.89124237,1176.38088117,714.76142435,1.91030669,0.79445851,1.76237153,0.26346992,-0.23667928,-0.69086609,-0.63029234
49.28758386,8,1704.97697257,132.45112929,1631.32452148,132.34783316,1.88554644,0.85105446,1.76677108,0.26618934,-0.23167387,-0.69688130,-0.62435986
49.48758386,32,1164.95431124,651.95448952,1116.35994158,651.54551703,1.83843827,1.00937420,1.78240202,0.26554389,-0.22491707,-0.70668457,-0.61603165
49.48758386,55,1237.17443651,882.76095266,1189.66892316,882.52857724,1.83843827,1.00937420,1.78240202,0.26554389,-0.22491707,-0.70668457,-0.61603165
49.55758399,32,1169.54357126,642.43609463,1120.57884568,642.05797172,1.82970618,1.06492803,1.78263810,0.26232028,-0.22701211,-0.71106273,-0.61159085
49.55758399,55,1239.11948902,877.78240479,1190.63216346,877.19365094,1.82970618,1.06492803,1.78263810,0.26232028,-0.22701211,-0.71106273,-0.61159085
49.62758411,55,1225.87984367,863.54678178,1177.05114741,863.12822670,1.82284465,1.12124287,1.77826551,0.26531543,-0.22602848,-0.70887531,-0.61320022
49.68758386,32,1160.50864458,612.80719041,1110.55833044,612.30375591,1.81454172,1.17849641,1.77356957,0.26663646,-0.22645127,-0.71123901,-0.60972388
49.68758386,55,1236.43825165,856.09542151,1186.91707385,856.20487689,1.81454172,1.17849641,1.77356957,0.26663646,-0.22645127,-0.71123901,-0.60972388
49.82758412,32,1150.74684337,593.10755352,1097.89619842,592.77319529,1.78362895,1.29854765,1.77183660,0.26912238,-0.22305477,-0.72144611,-0.59777376
49.82758412,55,1222.52682792,844.47798708,1171.10756406,844.18832915,1.78362895,1.29854765,1.77183660,0.26912238,-0.22305477,-0.72144611,-0.59777376
50.02758412,55,1170.80586670,814.96843479,1116.94145273,814.55491519,1.72109895,1.44776123,1.77730488,0.27361512,-0.22294977,-0.73780822,-0.57538331
50.22758411,55,1113.50060965,784.61456099,1057.17643640,784.10139239,1.63911186,1.58345868,1.78052301,0.28009262,-0.20987613,-0.75120805,-0.55963010
50.29758399,55,1102.85764779,768.37889847,1045.68258206,767.32352773,1.60279109,1.63076186,1.78499180,0.28329572,-0.20040525,-0.75555734,-0.55561865
50.62758411,55,1000.28022033,648.76257812,939.02694533,648.46192145,1.43222451,1.82373391,1.81992147,0.28726290,-0.17388775,-0.78398032,-0.52212690
52.30758411,15,1735.12970708,171.19841423,1667.88652432,171.23695178,0.15448569,2.15505152,1.83198910,0.32938364,-0.06492521,-0.92346014,-0.18576875
52.63758399,15,1541.53584547,176.28974471,1472.86528588,176.12839127,-0.14974275,2.04175355,1.80864388,0.33981893,-0.02937426,-0.93443565,-0.10240694
52.77758399,15,1493.16105566,142.24662414,1423.04633407,141.83835914,-0.25833449,2.00755545,1.81091825,0.33904405,-0.02569648,-0.93703820,-0.07966746
53.37758399,38,1023.46759707,971.56312127,985.76072117,971.12649370,-0.67605761,1.88716871,1.81494141,0.34539817,-0.01531573,-0.93828309,0.00943514
53.50758412,16,764.17746465,768.28287853,724.62408651,767.55360302,-0.73796482,1.85812000,1.82781582,0.34386271,-0.01008871,-0.93876049,0.01961154
53.50758412,38,988.90025302,955.16461981,950.58375930,954.90266468,-0.73796482,1.85812000,1.82781582,0.34386271,-0.01008871,-0.93876049,0.01961154
53.50758412,54,1001.22735294,766.40112254,961.84493108,766.09107886,-0.73796482,1.85812000,1.82781582,0.34386271,-0.01008871,-0.93876049,0.01961154
53.57758399,16,755.59164358,753.53559471,715.98686851,752.90484290,-0.76396442,1.84354474,1.83010081,0.34038849,-0.00136335,-0.94001356,0.02249321
53.57758399,51,276.09256824,81.23465909,197.90109744,79.75338192,-0.76396442,1.84354474,1.83010081,0.34038849,-0.00136335,-0.94001356,0.02249321
53.57758399,54,994.10903633,754.98009037,954.35678474,754.20839043,-0.76396442,1.84354474,1.83010081,0.34038849,-0.00136335,-0.94001356,0.02249321
53.97758399,12,273.93481010,279.44914541,214.03530145,279.12041451,-0.86846519,1.80987553,1.81662268,0.34871131,-0.00167789,-0.93680402,0.02819727
53.97758399,16,735.80773238,726.17343538,695.15190342,726.09505034,-0.86846519,1.80987553,1.81662268,0.34871131,-0.00167789,-0.93680402,0.02819727
53.97758399,38,959.39423680,934.81136703,919.56189025,935.11293754,-0.86846519,1.80987553,1.81662268,0.34871131,-0.00167789,-0.93680402,0.02819727
54.04758386,38,943.51811687,948.46320822,903.81175347,948.62770015,-0.87911034,1.81492483,1.80856141,0.35222215,-0.00241417,-0.93559630,0.02433732
54.04758386,54,961.61630858,747.78121905,920.65597551,747.38812989,-0.87911034,1.81492483,1.80856141,0.35222215,-0.00241417,-0.93559630,0.02433732
54.31758399,16,757.24057315,765.16308229,716.09455681,764.85091472,-0.90574732,1.83355044,1.79084572,0.35894548,0.00690780,-0.93323647,0.01341203
54.31758399,38,989.12517671,979.60963602,948.78635560,979.72912036,-0.90574732,1.83355044,1.79084572,0.35894548,0.00690780,-0.93323647,0.01341203
54.31758399,54,1007.20479596,774.80150735,966.16404328,774.82905044,-0.90574732,1.83355044,1.79084572,0.35894548,0.00690780,-0.93323647,0.01341203
54.37758399,7,894.59515694,636.43890261,849.29407219,636.31266327,-0.90832632,1.83768899,1.79362052,0.35646812,0.00776818,-0.93417617,0.01358067
54.37758399,11,1256.05627738,663.58149459,1211.31798273,663.38375456,-0.90832632,1.83768899,1.79362052,0.35646812,0.00776818,-0.93417617,0.01358067
54.37758399,12,298.19515997,317.02723173,237.49869956,316.63220709,-0.90832632,1.83768899,1.79362052,0.35646812,0.00776818,-0.93417617,0.01358067
54.37758399,16,755.84232411,767.42823982,714.28267058,767.14272896,-0.90832632,1.83768899,1.79362052,0.35646812,0.00776818,-0.93417617,0.01358067
54.37758399,38,986.15667396,980.47655673,945.54479417,980.43421880,-0.90832632,1.83768899,1.79362052,0.35646812,0.00776818,-0.93417617,0.01358067
54.37758399,54,1006.22040587,776.81400175,964.48012600,776.58673913,-0.90832632,1.83768899,1.79362052,0.35646812,0.00776818,-0.93417617,0.01358067
54.44758386,7,892.69459351,633.71335389,847.44292649,633.45054517,-0.90916696,1.84166887,1.79894304,0.35215068,0.00976830,-0.93579699,0.01334965
54.44758386,11,1254.20035386,659.75761281,1209.58079208,659.49318487,-0.90916696,1.84166887,1.79894304,0.35215068,0.00976830,-0.93579699,0.01334965
54.44758386,12,290.37097957,315.38026384,229.63607220,314.94344981,-0.90916696,1.84166887,1.79894304,0.35215068,0.00976830,-0.93579699,0.01334965
54.44758386,16,755.23054195,765.14517292,713.90475799,764.81070036,-0.90916696,1.84166887,1.79894304,0.35215068,0.00976830,-0.93579699,0.01334965
54.44758386,38,988.21412438,977.24372830,947.84133799,977.18306177,-0.90916696,1.84166887,1.79894304,0.35215068,0.00976830,-0.93579699,0.01334965
54.51758399,7,897.05072550,629.49850397,851.67376367,629.03926508,-0.90803519,1.84554733,1.80813513,0.34787573,0.00599646,-0.93739445,0.01543040
54.51758399,12,296.39207842,312.86862473,235.69838724,312.32602739,-0.90803519,1.84554733,1.80813513,0.34787573,0.00599646,-0.93739445,0.01543040
54.51758399,16,759.21889392,760.50614711,717.86325967,760.10969391,-0.90803519,1.84554733,1.80813513,0.34787573,0.00599646,-0.93739445,0.01543040
54.51758399,38,990.29255692,970.45351641,949.82498249,970.06033376,-0.90803519,1.84554733,1.80813513,0.34787573,0.00599646,-0.93739445,0.01543040
54.51758399,54,1009.44849817,768.73417992,967.74822665,768.42790089,-0.90803519,1.84554733,1.80813513,0.34787573,0.00599646,-0.93739445,0.01543040
54.57758399,12,289.19338798,306.55698845,227.86332982,305.95230187,-0.90680831,1.84708576,1.81328329,0.34632202,0.00666507,-0.93797426,0.01486187
54.57758399,16,753.29275474,751.15695717,711.95705010,750.64083528,-0.90680831,1.84708576,1.81328329,0.34632202,0.00666507,-0.93797426,0.01486187
54.57758399,38,985.59217583,957.82119440,945.28912306,957.48095346,-0.90680831,1.84708576,1.81328329,0.34632202,0.00666507,-0.93797426,0.01486187
54.57758399,54,1003.21314356,757.45095040,961.46674589,756.98604047,-0.90680831,1.84708576,1.81328329,0.34632202,0.00666507,-0.93797426,0.01486187
54.64758386,7,891.77441454,611.62518625,846.94173660,611.27485666,-0.90400644,1.84864722,1.82121388,0.34295608,0.00706753,-0.93919102,0.01585063
54.64758386,11,1251.12215376,634.40753402,1206.81485453,634.09097143,-0.90400644,1.84864722,1.82121388,0.34295608,0.00706753,-0.93919102,0.01585063
54.64758386,12,285.73763171,298.41840933,224.89638202,297.81739508,-0.90400644,1.84864722,1.82121388,0.34295608,0.00706753,-0.93919102,0.01585063
54.64758386,16,756.01682514,743.37177879,714.94102636,743.00215899,-0.90400644,1.84864722,1.82121388,0.34295608,0.00706753,-0.93919102,0.01585063
54.64758386,38,988.21128692,950.28119415,948.15857295,950.07971814,-0.90400644,1.84864722,1.82121388,0.34295608,0.00706753,-0.93919102,0.01585063
54.71758399,12,290.13101420,291.55189960,229.15109975,290.91760273,-0.90117380,1.84974824,1.82681317,0.34073544,0.00735093,-0.93998982,0.01625694
54.71758399,16,754.85050851,735.58776162,713.71445129,735.11128165,-0.90117380,1.84974824,1.82681317,0.34073544,0.00735093,-0.93998982,0.01625694
54.71758399,38,984.97366853,940.50737546,945.06080804,940.16957959,-0.90117380,1.84974824,1.82681317,0.34073544,0.00735093,-0.93998982,0.01625694
54.71758399,40,1211.41114569,1048.55539217,1171.17168374,1048.32324505,-0.90117380,1.84974824,1.82681317,0.34073544,0.00735093,-0.93998982,0.01625694
54.71758399,54,1003.52923951,742.01117302,962.01995973,741.46906275,-0.90117380,1.84974824,1.82681317,0.34073544,0.00735093,-0.93998982,0.01625694
54.77758399,7,888.81410477,595.95116441,844.00571164,595.53511715,-0.89806835,1.85106005,1.83178373,0.33888138,0.00730119,-0.94065237,0.01670771
54.77758399,12,285.14247259,282.03446638,224.18208301,281.51992180,-0.89806835,1.85106005,1.83178373,0.33888138,0.00730119,-0.94065237,0.01670771
54.77758399,16,753.27158171,727.08402298,712.37720120,726.72890570,-0.89806835,1.85106005,1.83178373,0.33888138,0.00730119,-0.94065237,0.01670771
54.77758399,38,983.86931371,932.21606231,944.18381105,931.96557756,-0.89806835,1.85106005,1.83178373,0.33888138,0.00730119,-0.94065237,0.01670771
54.77758399,40,1208.94062631,1040.33187894,1169.20543018,1040.32140718,-0.89806835,1.85106005,1.83178373,0.33888138,0.00730119,-0.94065237,0.01670771
54.91758399,7,888.56025592,585.24347268,843.77361067,584.94645468,-0.89141736,1.85497504,1.84039905,0.33540022,0.00508481,-0.94190495,0.01719997
54.91758399,12,286.97585657,271.10460476,225.97437397,270.48258526,-0.89141736,1.85497504,1.84039905,0.33540022,0.00508481,-0.94190495,0.01719997
54.91758399,16,753.28697260,716.07185289,712.54927772,715.67936725,-0.89141736,1.85497504,1.84039905,0.33540022,0.00508481,-0.94190495,0.01719997
54.91758399,38,982.80719747,919.64845926,943.28147284,919.44379420,-0.89141736,1.85497504,1.84039905,0.33540022,0.00508481,-0.94190495,0.01719997
54.91758399,40,1206.35092102,1026.40936406,1166.88730444,1026.37616476,-0.89141736,1.85497504,1.84039905,0.33540022,0.00508481,-0.94190495,0.01719997
54.98758411,7,891.18454467,581.26393967,846.63413508,580.93481156,-0.88832212,1.85678033,1.84364325,0.33459298,0.00343035,-0.94218473,0.01798976
54.98758411,11,1246.14958730,603.81801368,1202.24840749,603.57197578,-0.88832212,1.85678033,1.84364325,0.33459298,0.00343035,-0.94218473,0.01798976
54.98758411,12,289.53041430,267.85724388,228.84365604,267.33610437,-0.88832212,1.85678033,1.84364325,0.33459298,0.00343035,-0.94218473,0.01798976
54.98758411,16,756.52956786,711.89237191,716.00517826,711.53494111,-0.88832212,1.85678033,1.84364325,0.33459298,0.00343035,-0.94218473,0.01798976
54.98758411,38,985.69623036,914.78041729,946.27363990,914.67361202,-0.88832212,1.85678033,1.84364325,0.33459298,0.00343035,-0.94218473,0.01798976
54.98758411,40,1208.49919244,1020.98507389,1169.16356192,1021.01498133,-0.88832212,1.85678033,1.84364325,0.33459298,0.00343035,-0.94218473,0.01798976
55.11758399,7,888.89318012,577.10518526,844.23482607,576.89165665,-0.88173363,1.85885108,1.85027748,0.33353620,0.00000701,-0.94255009,0.01877743
55.11758399,11,1242.21921206,598.12801154,1198.54351251,597.88867435,-0.88173363,1.85885108,1.85027748,0.33353620,0.00000701,-0.94255009,0.01877743
55.11758399,12,288.03883042,265.76684930,227.30677793,265.37364544,-0.88173363,1.85885108,1.85027748,0.33353620,0.00000701,-0.94255009,0.01877743
55.11758399,16,754.66517313,708.37051849,714.21370824,708.07047292,-0.88173363,1.85885108,1.85027748,0.33353620,0.00000701,-0.94255009,0.01877743
55.11758399,38,983.92448994,909.77796715,944.62137997,909.68217364,-0.88173363,1.85885108,1.85027748,0.33353620,0.00000701,-0.94255009,0.01877743
55.11758399,40,1206.20483542,1014.32582482,1167.00097381,1014.44745506,-0.88173363,1.85885108,1.85027748,0.33353620,0.00000701,-0.94255009,0.01877743
55.18758411,7,889.40818999,574.20432156,845.00595237,573.90206935,-0.87748016,1.85928422,1.85457363,0.33438879,-0.00428415,-0.94222817,0.01928237
55.18758411,12,289.10602102,265.01086878,228.57109586,264.47176706,-0.87748016,1.85928422,1.85457363,0.33438879,-0.00428415,-0.94222817,0.01928237
55.18758411,16,755.64557393,704.93355664,715.22410431,704.65609247,-0.87748016,1.85928422,1.85457363,0.33438879,-0.00428415,-0.94222817,0.01928237
55.18758411,38,984.25162894,905.06104056,944.93100264,904.92775154,-0.87748016,1.85928422,1.85457363,0.33438879,-0.00428415,-0.94222817,0.01928237
55.18758411,40,1205.64104565,1008.71170874,1166.40288702,1008.68035454,-0.87748016,1.85928422,1.85457363,0.33438879,-0.00428415,-0.94222817,0.01928237
55.31758399,7,887.76827933,566.83909001,843.51771189,566.47884343,-0.86987302,1.86086880,1.86242857,0.33018761,-0.00439472,-0.94372054,0.01866263
55.31758399,12,287.76211234,259.13475927,227.30179700,258.54801042,-0.86987302,1.86086880,1.86242857,0.33018761,-0.00439472,-0.94372054,0.01866263
55.31758399,16,754.78325588,697.30983159,714.56074376,697.00085606,-0.86987302,1.86086880,1.86242857,0.33018761,-0.00439472,-0.94372054,0.01866263
55.31758399,38,983.08429436,895.78748321,944.18366964,895.45770386,-0.86987302,1.86086880,1.86242857,0.33018761,-0.00439472,-0.94372054,0.01866263
55.31758399,40,1203.53503417,997.97227859,1164.66167071,997.90809382,-0.86987302,1.86086880,1.86242857,0.33018761,-0.00439472,-0.94372054,0.01866263
